<?xml version="1.0" encoding="UTF-8" standalone="yes" ?>
<!DOCTYPE boost_serialization>
<boost_serialization signature="serialization::archive" version="9">
<UnitsNoldus class_id="0" tracking_level="0" version="0">
	<m_vecUnit class_id="1" tracking_level="0" version="0">
		<count>13</count>
		<item_version>0</item_version>
		<item class_id="2" tracking_level="0" version="0">
			<m_iId>1</m_iId>
			<m_strName>mm</m_strName>
			<m_eSiUnit class_id="3" tracking_level="0" version="0">
				<elems>
					<count>8</count>
					<item>1</item>
					<item>0</item>
					<item>0</item>
					<item>0</item>
					<item>0</item>
					<item>0</item>
					<item>0</item>
					<item>0</item>
				</elems>
			</m_eSiUnit>
			<m_dbOffset>0</m_dbOffset>
			<m_dbFactor>1</m_dbFactor>
		</item>
		<item>
			<m_iId>2</m_iId>
			<m_strName>cm</m_strName>
			<m_eSiUnit>
				<elems>
					<count>8</count>
					<item>1</item>
					<item>0</item>
					<item>0</item>
					<item>0</item>
					<item>0</item>
					<item>0</item>
					<item>0</item>
					<item>0</item>
				</elems>
			</m_eSiUnit>
			<m_dbOffset>0</m_dbOffset>
			<m_dbFactor>10</m_dbFactor>
		</item>
		<item>
			<m_iId>3</m_iId>
			<m_strName>m</m_strName>
			<m_eSiUnit>
				<elems>
					<count>8</count>
					<item>1</item>
					<item>0</item>
					<item>0</item>
					<item>0</item>
					<item>0</item>
					<item>0</item>
					<item>0</item>
					<item>0</item>
				</elems>
			</m_eSiUnit>
			<m_dbOffset>0</m_dbOffset>
			<m_dbFactor>1000</m_dbFactor>
		</item>
		<item>
			<m_iId>4</m_iId>
			<m_strName>km</m_strName>
			<m_eSiUnit>
				<elems>
					<count>8</count>
					<item>1</item>
					<item>0</item>
					<item>0</item>
					<item>0</item>
					<item>0</item>
					<item>0</item>
					<item>0</item>
					<item>0</item>
				</elems>
			</m_eSiUnit>
			<m_dbOffset>0</m_dbOffset>
			<m_dbFactor>1000000</m_dbFactor>
		</item>
		<item>
			<m_iId>6</m_iId>
			<m_strName>ms</m_strName>
			<m_eSiUnit>
				<elems>
					<count>8</count>
					<item>0</item>
					<item>0</item>
					<item>1</item>
					<item>0</item>
					<item>0</item>
					<item>0</item>
					<item>0</item>
					<item>0</item>
				</elems>
			</m_eSiUnit>
			<m_dbOffset>0</m_dbOffset>
			<m_dbFactor>1</m_dbFactor>
		</item>
		<item>
			<m_iId>7</m_iId>
			<m_strName>s</m_strName>
			<m_eSiUnit>
				<elems>
					<count>8</count>
					<item>0</item>
					<item>0</item>
					<item>1</item>
					<item>0</item>
					<item>0</item>
					<item>0</item>
					<item>0</item>
					<item>0</item>
				</elems>
			</m_eSiUnit>
			<m_dbOffset>0</m_dbOffset>
			<m_dbFactor>1000</m_dbFactor>
		</item>
		<item>
			<m_iId>8</m_iId>
			<m_strName>min</m_strName>
			<m_eSiUnit>
				<elems>
					<count>8</count>
					<item>0</item>
					<item>0</item>
					<item>1</item>
					<item>0</item>
					<item>0</item>
					<item>0</item>
					<item>0</item>
					<item>0</item>
				</elems>
			</m_eSiUnit>
			<m_dbOffset>0</m_dbOffset>
			<m_dbFactor>60000</m_dbFactor>
		</item>
		<item>
			<m_iId>9</m_iId>
			<m_strName>hour</m_strName>
			<m_eSiUnit>
				<elems>
					<count>8</count>
					<item>0</item>
					<item>0</item>
					<item>1</item>
					<item>0</item>
					<item>0</item>
					<item>0</item>
					<item>0</item>
					<item>0</item>
				</elems>
			</m_eSiUnit>
			<m_dbOffset>0</m_dbOffset>
			<m_dbFactor>3600000</m_dbFactor>
		</item>
		<item>
			<m_iId>10</m_iId>
			<m_strName>day</m_strName>
			<m_eSiUnit>
				<elems>
					<count>8</count>
					<item>0</item>
					<item>0</item>
					<item>1</item>
					<item>0</item>
					<item>0</item>
					<item>0</item>
					<item>0</item>
					<item>0</item>
				</elems>
			</m_eSiUnit>
			<m_dbOffset>0</m_dbOffset>
			<m_dbFactor>86400000</m_dbFactor>
		</item>
		<item>
			<m_iId>11</m_iId>
			<m_strName>Steps</m_strName>
			<m_eSiUnit>
				<elems>
					<count>8</count>
					<item>0</item>
					<item>0</item>
					<item>0</item>
					<item>0</item>
					<item>0</item>
					<item>0</item>
					<item>0</item>
					<item>0</item>
				</elems>
			</m_eSiUnit>
			<m_dbOffset>0</m_dbOffset>
			<m_dbFactor>1</m_dbFactor>
		</item>
		<item>
			<m_iId>12</m_iId>
			<m_strName>Steps</m_strName>
			<m_eSiUnit>
				<elems>
					<count>8</count>
					<item>0</item>
					<item>0</item>
					<item>0</item>
					<item>0</item>
					<item>0</item>
					<item>0</item>
					<item>0</item>
					<item>0</item>
				</elems>
			</m_eSiUnit>
			<m_dbOffset>0</m_dbOffset>
			<m_dbFactor>16</m_dbFactor>
		</item>
		<item>
			<m_iId>13</m_iId>
			<m_strName>Promille</m_strName>
			<m_eSiUnit>
				<elems>
					<count>8</count>
					<item>0</item>
					<item>0</item>
					<item>0</item>
					<item>0</item>
					<item>0</item>
					<item>0</item>
					<item>0</item>
					<item>0</item>
				</elems>
			</m_eSiUnit>
			<m_dbOffset>0</m_dbOffset>
			<m_dbFactor>65.536000000000001</m_dbFactor>
		</item>
		<item>
			<m_iId>14</m_iId>
			<m_strName>%</m_strName>
			<m_eSiUnit>
				<elems>
					<count>8</count>
					<item>0</item>
					<item>0</item>
					<item>0</item>
					<item>0</item>
					<item>0</item>
					<item>0</item>
					<item>0</item>
					<item>0</item>
				</elems>
			</m_eSiUnit>
			<m_dbOffset>0</m_dbOffset>
			<m_dbFactor>655.36000000000001</m_dbFactor>
		</item>
	</m_vecUnit>
</UnitsNoldus>
</boost_serialization>

