<?xml version="1.0" encoding="UTF-8" standalone="yes" ?>
<!DOCTYPE boost_serialization>
<boost_serialization signature="serialization::archive" version="11">
<DeviceTypesNoldus class_id="0" tracking_level="0" version="0">
	<m_vecConnectorType class_id="1" tracking_level="0" version="0">
		<count>1</count>
		<item_version>0</item_version>
		<item class_id="2" tracking_level="0" version="0">
			<m_iId>0</m_iId>
			<m_strName>Top Unit Interface (PTTI-0010)</m_strName>
			<m_ePortType>1</m_ePortType>
			<m_iNrPorts>4</m_iNrPorts>
			<m_iOffsetPin>7</m_iOffsetPin>
		</item>
	</m_vecConnectorType>
	<m_vecDeviceType class_id="3" tracking_level="0" version="0">
		<count>13</count>
		<item_version>0</item_version>
		<item class_id="4" tracking_level="0" version="0">
			<m_iDeviceTypeId>0</m_iDeviceTypeId>
			<m_strDeviceTypeName>Top Unit (Standard)</m_strDeviceTypeName>
			<m_dMaxFrequency>0.00000000000000000e+000</m_dMaxFrequency>
			<m_ePortType>1</m_ePortType>
			<m_iConnectorTypeId>0</m_iConnectorTypeId>
			<m_vecCommand class_id="5" tracking_level="0" version="0">
				<count>6</count>
				<item_version>0</item_version>
				<item class_id="6" tracking_level="0" version="0">
					<m_iId>1</m_iId>
					<m_strName>White spot on</m_strName>
					<m_bIsDefaultCommand>0</m_bIsDefaultCommand>
					<m_iPin>1</m_iPin>
					<m_bHigh>1</m_bHigh>
					<m_iDuration>0</m_iDuration>
				</item>
				<item>
					<m_iId>0</m_iId>
					<m_strName>White spot off</m_strName>
					<m_bIsDefaultCommand>1</m_bIsDefaultCommand>
					<m_iPin>1</m_iPin>
					<m_bHigh>0</m_bHigh>
					<m_iDuration>0</m_iDuration>
				</item>
				<item>
					<m_iId>3</m_iId>
					<m_strName>Yellow light on</m_strName>
					<m_bIsDefaultCommand>0</m_bIsDefaultCommand>
					<m_iPin>2</m_iPin>
					<m_bHigh>1</m_bHigh>
					<m_iDuration>0</m_iDuration>
				</item>
				<item>
					<m_iId>2</m_iId>
					<m_strName>Yellow light off</m_strName>
					<m_bIsDefaultCommand>1</m_bIsDefaultCommand>
					<m_iPin>2</m_iPin>
					<m_bHigh>0</m_bHigh>
					<m_iDuration>0</m_iDuration>
				</item>
				<item>
					<m_iId>5</m_iId>
					<m_strName>Sound on</m_strName>
					<m_bIsDefaultCommand>0</m_bIsDefaultCommand>
					<m_iPin>3</m_iPin>
					<m_bHigh>1</m_bHigh>
					<m_iDuration>0</m_iDuration>
				</item>
				<item>
					<m_iId>4</m_iId>
					<m_strName>Sound off</m_strName>
					<m_bIsDefaultCommand>1</m_bIsDefaultCommand>
					<m_iPin>3</m_iPin>
					<m_bHigh>0</m_bHigh>
					<m_iDuration>0</m_iDuration>
				</item>
			</m_vecCommand>
			<m_vecSignal class_id="7" tracking_level="0" version="0">
				<count>3</count>
				<item_version>0</item_version>
				<item class_id="8" tracking_level="0" version="0">
					<m_iId>0</m_iId>
					<m_strName>Is white spot on</m_strName>
					<m_eSignalSource>1</m_eSignalSource>
					<m_eSignalHwType>0</m_eSignalHwType>
					<m_iPin>1</m_iPin>
					<m_iNrBytes>0</m_iNrBytes>
					<m_iIndexFirstByte>-1</m_iIndexFirstByte>
					<m_iIndexLastByte>-1</m_iIndexLastByte>
					<m_eStateEventType>1</m_eStateEventType>
					<m_bHighInit>1</m_bHighInit>
					<m_bTotalsSinceLastCall>0</m_bTotalsSinceLastCall>
					<m_eValueType>0</m_eValueType>
					<m_bHasValueDefault>1</m_bHasValueDefault>
					<m_eTypeValueDefault>0</m_eTypeValueDefault>
					<m_bValueDefault>0</m_bValueDefault>
					<m_lValueDefault>0</m_lValueDefault>
					<m_dbValueDefault>0.00000000000000000e+000</m_dbValueDefault>
				</item>
				<item>
					<m_iId>1</m_iId>
					<m_strName>Is yellow light on</m_strName>
					<m_eSignalSource>1</m_eSignalSource>
					<m_eSignalHwType>0</m_eSignalHwType>
					<m_iPin>2</m_iPin>
					<m_iNrBytes>0</m_iNrBytes>
					<m_iIndexFirstByte>-1</m_iIndexFirstByte>
					<m_iIndexLastByte>-1</m_iIndexLastByte>
					<m_eStateEventType>1</m_eStateEventType>
					<m_bHighInit>1</m_bHighInit>
					<m_bTotalsSinceLastCall>0</m_bTotalsSinceLastCall>
					<m_eValueType>0</m_eValueType>
					<m_bHasValueDefault>1</m_bHasValueDefault>
					<m_eTypeValueDefault>0</m_eTypeValueDefault>
					<m_bValueDefault>0</m_bValueDefault>
					<m_lValueDefault>0</m_lValueDefault>
					<m_dbValueDefault>0.00000000000000000e+000</m_dbValueDefault>
				</item>
				<item>
					<m_iId>2</m_iId>
					<m_strName>Is sound on</m_strName>
					<m_eSignalSource>1</m_eSignalSource>
					<m_eSignalHwType>0</m_eSignalHwType>
					<m_iPin>3</m_iPin>
					<m_iNrBytes>0</m_iNrBytes>
					<m_iIndexFirstByte>-1</m_iIndexFirstByte>
					<m_iIndexLastByte>-1</m_iIndexLastByte>
					<m_eStateEventType>1</m_eStateEventType>
					<m_bHighInit>1</m_bHighInit>
					<m_bTotalsSinceLastCall>0</m_bTotalsSinceLastCall>
					<m_eValueType>0</m_eValueType>
					<m_bHasValueDefault>1</m_bHasValueDefault>
					<m_eTypeValueDefault>0</m_eTypeValueDefault>
					<m_bValueDefault>0</m_bValueDefault>
					<m_lValueDefault>0</m_lValueDefault>
					<m_dbValueDefault>0.00000000000000000e+000</m_dbValueDefault>
				</item>
			</m_vecSignal>
		</item>
		<item>
			<m_iDeviceTypeId>1</m_iDeviceTypeId>
			<m_strDeviceTypeName>Top Unit (Neuro-Bsik)</m_strDeviceTypeName>
			<m_dMaxFrequency>0.00000000000000000e+000</m_dMaxFrequency>
			<m_ePortType>1</m_ePortType>
			<m_iConnectorTypeId>0</m_iConnectorTypeId>
			<m_vecCommand>
				<count>14</count>
				<item_version>0</item_version>
				<item>
					<m_iId>1</m_iId>
					<m_strName>White spot on</m_strName>
					<m_bIsDefaultCommand>0</m_bIsDefaultCommand>
					<m_iPin>1</m_iPin>
					<m_bHigh>1</m_bHigh>
					<m_iDuration>0</m_iDuration>
				</item>
				<item>
					<m_iId>0</m_iId>
					<m_strName>White spot off</m_strName>
					<m_bIsDefaultCommand>1</m_bIsDefaultCommand>
					<m_iPin>1</m_iPin>
					<m_bHigh>0</m_bHigh>
					<m_iDuration>0</m_iDuration>
				</item>
				<item>
					<m_iId>3</m_iId>
					<m_strName>Yellow light on</m_strName>
					<m_bIsDefaultCommand>0</m_bIsDefaultCommand>
					<m_iPin>2</m_iPin>
					<m_bHigh>1</m_bHigh>
					<m_iDuration>0</m_iDuration>
				</item>
				<item>
					<m_iId>2</m_iId>
					<m_strName>Yellow light off</m_strName>
					<m_bIsDefaultCommand>1</m_bIsDefaultCommand>
					<m_iPin>2</m_iPin>
					<m_bHigh>0</m_bHigh>
					<m_iDuration>0</m_iDuration>
				</item>
				<item>
					<m_iId>5</m_iId>
					<m_strName>Sound on</m_strName>
					<m_bIsDefaultCommand>0</m_bIsDefaultCommand>
					<m_iPin>3</m_iPin>
					<m_bHigh>1</m_bHigh>
					<m_iDuration>0</m_iDuration>
				</item>
				<item>
					<m_iId>4</m_iId>
					<m_strName>Sound off</m_strName>
					<m_bIsDefaultCommand>1</m_bIsDefaultCommand>
					<m_iPin>3</m_iPin>
					<m_bHigh>0</m_bHigh>
					<m_iDuration>0</m_iDuration>
				</item>
				<item>
					<m_iId>7</m_iId>
					<m_strName>Vol-1 on</m_strName>
					<m_bIsDefaultCommand>0</m_bIsDefaultCommand>
					<m_iPin>4</m_iPin>
					<m_bHigh>1</m_bHigh>
					<m_iDuration>0</m_iDuration>
				</item>
				<item>
					<m_iId>6</m_iId>
					<m_strName>Vol-1 off</m_strName>
					<m_bIsDefaultCommand>1</m_bIsDefaultCommand>
					<m_iPin>4</m_iPin>
					<m_bHigh>0</m_bHigh>
					<m_iDuration>0</m_iDuration>
				</item>
				<item>
					<m_iId>9</m_iId>
					<m_strName>Vol-2 on</m_strName>
					<m_bIsDefaultCommand>0</m_bIsDefaultCommand>
					<m_iPin>5</m_iPin>
					<m_bHigh>1</m_bHigh>
					<m_iDuration>0</m_iDuration>
				</item>
				<item>
					<m_iId>8</m_iId>
					<m_strName>Vol-2 off</m_strName>
					<m_bIsDefaultCommand>1</m_bIsDefaultCommand>
					<m_iPin>5</m_iPin>
					<m_bHigh>0</m_bHigh>
					<m_iDuration>0</m_iDuration>
				</item>
				<item>
					<m_iId>11</m_iId>
					<m_strName>Fsel-1 on</m_strName>
					<m_bIsDefaultCommand>0</m_bIsDefaultCommand>
					<m_iPin>6</m_iPin>
					<m_bHigh>1</m_bHigh>
					<m_iDuration>0</m_iDuration>
				</item>
				<item>
					<m_iId>10</m_iId>
					<m_strName>Fsel-1 off</m_strName>
					<m_bIsDefaultCommand>1</m_bIsDefaultCommand>
					<m_iPin>6</m_iPin>
					<m_bHigh>0</m_bHigh>
					<m_iDuration>0</m_iDuration>
				</item>
				<item>
					<m_iId>13</m_iId>
					<m_strName>Fsel-2 on</m_strName>
					<m_bIsDefaultCommand>0</m_bIsDefaultCommand>
					<m_iPin>7</m_iPin>
					<m_bHigh>1</m_bHigh>
					<m_iDuration>0</m_iDuration>
				</item>
				<item>
					<m_iId>12</m_iId>
					<m_strName>Fsel-2 off</m_strName>
					<m_bIsDefaultCommand>1</m_bIsDefaultCommand>
					<m_iPin>7</m_iPin>
					<m_bHigh>0</m_bHigh>
					<m_iDuration>0</m_iDuration>
				</item>
			</m_vecCommand>
			<m_vecSignal>
				<count>7</count>
				<item_version>0</item_version>
				<item>
					<m_iId>0</m_iId>
					<m_strName>Is white spot on</m_strName>
					<m_eSignalSource>1</m_eSignalSource>
					<m_eSignalHwType>0</m_eSignalHwType>
					<m_iPin>1</m_iPin>
					<m_iNrBytes>0</m_iNrBytes>
					<m_iIndexFirstByte>-1</m_iIndexFirstByte>
					<m_iIndexLastByte>-1</m_iIndexLastByte>
					<m_eStateEventType>1</m_eStateEventType>
					<m_bHighInit>1</m_bHighInit>
					<m_bTotalsSinceLastCall>0</m_bTotalsSinceLastCall>
					<m_eValueType>0</m_eValueType>
					<m_bHasValueDefault>1</m_bHasValueDefault>
					<m_eTypeValueDefault>0</m_eTypeValueDefault>
					<m_bValueDefault>0</m_bValueDefault>
					<m_lValueDefault>0</m_lValueDefault>
					<m_dbValueDefault>0.00000000000000000e+000</m_dbValueDefault>
				</item>
				<item>
					<m_iId>1</m_iId>
					<m_strName>Is yellow light on</m_strName>
					<m_eSignalSource>1</m_eSignalSource>
					<m_eSignalHwType>0</m_eSignalHwType>
					<m_iPin>2</m_iPin>
					<m_iNrBytes>0</m_iNrBytes>
					<m_iIndexFirstByte>-1</m_iIndexFirstByte>
					<m_iIndexLastByte>-1</m_iIndexLastByte>
					<m_eStateEventType>1</m_eStateEventType>
					<m_bHighInit>1</m_bHighInit>
					<m_bTotalsSinceLastCall>0</m_bTotalsSinceLastCall>
					<m_eValueType>0</m_eValueType>
					<m_bHasValueDefault>1</m_bHasValueDefault>
					<m_eTypeValueDefault>0</m_eTypeValueDefault>
					<m_bValueDefault>0</m_bValueDefault>
					<m_lValueDefault>0</m_lValueDefault>
					<m_dbValueDefault>0.00000000000000000e+000</m_dbValueDefault>
				</item>
				<item>
					<m_iId>2</m_iId>
					<m_strName>Is sound on</m_strName>
					<m_eSignalSource>1</m_eSignalSource>
					<m_eSignalHwType>0</m_eSignalHwType>
					<m_iPin>3</m_iPin>
					<m_iNrBytes>0</m_iNrBytes>
					<m_iIndexFirstByte>-1</m_iIndexFirstByte>
					<m_iIndexLastByte>-1</m_iIndexLastByte>
					<m_eStateEventType>1</m_eStateEventType>
					<m_bHighInit>1</m_bHighInit>
					<m_bTotalsSinceLastCall>0</m_bTotalsSinceLastCall>
					<m_eValueType>0</m_eValueType>
					<m_bHasValueDefault>1</m_bHasValueDefault>
					<m_eTypeValueDefault>0</m_eTypeValueDefault>
					<m_bValueDefault>0</m_bValueDefault>
					<m_lValueDefault>0</m_lValueDefault>
					<m_dbValueDefault>0.00000000000000000e+000</m_dbValueDefault>
				</item>
				<item>
					<m_iId>3</m_iId>
					<m_strName>Is vol-1 on</m_strName>
					<m_eSignalSource>1</m_eSignalSource>
					<m_eSignalHwType>0</m_eSignalHwType>
					<m_iPin>4</m_iPin>
					<m_iNrBytes>0</m_iNrBytes>
					<m_iIndexFirstByte>-1</m_iIndexFirstByte>
					<m_iIndexLastByte>-1</m_iIndexLastByte>
					<m_eStateEventType>1</m_eStateEventType>
					<m_bHighInit>1</m_bHighInit>
					<m_bTotalsSinceLastCall>0</m_bTotalsSinceLastCall>
					<m_eValueType>0</m_eValueType>
					<m_bHasValueDefault>1</m_bHasValueDefault>
					<m_eTypeValueDefault>0</m_eTypeValueDefault>
					<m_bValueDefault>0</m_bValueDefault>
					<m_lValueDefault>0</m_lValueDefault>
					<m_dbValueDefault>0.00000000000000000e+000</m_dbValueDefault>
				</item>
				<item>
					<m_iId>4</m_iId>
					<m_strName>Is vol-2 on</m_strName>
					<m_eSignalSource>1</m_eSignalSource>
					<m_eSignalHwType>0</m_eSignalHwType>
					<m_iPin>5</m_iPin>
					<m_iNrBytes>0</m_iNrBytes>
					<m_iIndexFirstByte>-1</m_iIndexFirstByte>
					<m_iIndexLastByte>-1</m_iIndexLastByte>
					<m_eStateEventType>1</m_eStateEventType>
					<m_bHighInit>1</m_bHighInit>
					<m_bTotalsSinceLastCall>0</m_bTotalsSinceLastCall>
					<m_eValueType>0</m_eValueType>
					<m_bHasValueDefault>1</m_bHasValueDefault>
					<m_eTypeValueDefault>0</m_eTypeValueDefault>
					<m_bValueDefault>0</m_bValueDefault>
					<m_lValueDefault>0</m_lValueDefault>
					<m_dbValueDefault>0.00000000000000000e+000</m_dbValueDefault>
				</item>
				<item>
					<m_iId>5</m_iId>
					<m_strName>Is fsel-1 on</m_strName>
					<m_eSignalSource>1</m_eSignalSource>
					<m_eSignalHwType>0</m_eSignalHwType>
					<m_iPin>6</m_iPin>
					<m_iNrBytes>0</m_iNrBytes>
					<m_iIndexFirstByte>-1</m_iIndexFirstByte>
					<m_iIndexLastByte>-1</m_iIndexLastByte>
					<m_eStateEventType>1</m_eStateEventType>
					<m_bHighInit>1</m_bHighInit>
					<m_bTotalsSinceLastCall>0</m_bTotalsSinceLastCall>
					<m_eValueType>0</m_eValueType>
					<m_bHasValueDefault>1</m_bHasValueDefault>
					<m_eTypeValueDefault>0</m_eTypeValueDefault>
					<m_bValueDefault>0</m_bValueDefault>
					<m_lValueDefault>0</m_lValueDefault>
					<m_dbValueDefault>0.00000000000000000e+000</m_dbValueDefault>
				</item>
				<item>
					<m_iId>6</m_iId>
					<m_strName>Is fsel-2 on</m_strName>
					<m_eSignalSource>1</m_eSignalSource>
					<m_eSignalHwType>0</m_eSignalHwType>
					<m_iPin>7</m_iPin>
					<m_iNrBytes>0</m_iNrBytes>
					<m_iIndexFirstByte>-1</m_iIndexFirstByte>
					<m_iIndexLastByte>-1</m_iIndexLastByte>
					<m_eStateEventType>1</m_eStateEventType>
					<m_bHighInit>1</m_bHighInit>
					<m_bTotalsSinceLastCall>0</m_bTotalsSinceLastCall>
					<m_eValueType>0</m_eValueType>
					<m_bHasValueDefault>1</m_bHasValueDefault>
					<m_eTypeValueDefault>0</m_eTypeValueDefault>
					<m_bValueDefault>0</m_bValueDefault>
					<m_lValueDefault>0</m_lValueDefault>
					<m_dbValueDefault>0.00000000000000000e+000</m_dbValueDefault>
				</item>
			</m_vecSignal>
		</item>
		<item>
			<m_iDeviceTypeId>2</m_iDeviceTypeId>
			<m_strDeviceTypeName>Pellet Dispenser (PTPD-0010)</m_strDeviceTypeName>
			<m_dMaxFrequency>0.00000000000000000e+000</m_dMaxFrequency>
			<m_ePortType>0</m_ePortType>
			<m_iConnectorTypeId>-1</m_iConnectorTypeId>
			<m_vecCommand>
				<count>1</count>
				<item_version>0</item_version>
				<item>
					<m_iId>0</m_iId>
					<m_strName>Drop pellet</m_strName>
					<m_bIsDefaultCommand>0</m_bIsDefaultCommand>
					<m_iPin>1</m_iPin>
					<m_bHigh>1</m_bHigh>
					<m_iDuration>30</m_iDuration>
				</item>
			</m_vecCommand>
			<m_vecSignal>
				<count>2</count>
				<item_version>0</item_version>
				<item>
					<m_iId>0</m_iId>
					<m_strName>Number of drops</m_strName>
					<m_eSignalSource>0</m_eSignalSource>
					<m_eSignalHwType>0</m_eSignalHwType>
					<m_iPin>1</m_iPin>
					<m_iNrBytes>0</m_iNrBytes>
					<m_iIndexFirstByte>-1</m_iIndexFirstByte>
					<m_iIndexLastByte>-1</m_iIndexLastByte>
					<m_eStateEventType>3</m_eStateEventType>
					<m_bHighInit>0</m_bHighInit>
					<m_bTotalsSinceLastCall>1</m_bTotalsSinceLastCall>
					<m_eValueType>1</m_eValueType>
					<m_bHasValueDefault>1</m_bHasValueDefault>
					<m_eTypeValueDefault>1</m_eTypeValueDefault>
					<m_bValueDefault>0</m_bValueDefault>
					<m_lValueDefault>0</m_lValueDefault>
					<m_dbValueDefault>0.00000000000000000e+000</m_dbValueDefault>
				</item>
				<item>
					<m_iId>1</m_iId>
					<m_strName>In error state</m_strName>
					<m_eSignalSource>0</m_eSignalSource>
					<m_eSignalHwType>0</m_eSignalHwType>
					<m_iPin>2</m_iPin>
					<m_iNrBytes>0</m_iNrBytes>
					<m_iIndexFirstByte>-1</m_iIndexFirstByte>
					<m_iIndexLastByte>-1</m_iIndexLastByte>
					<m_eStateEventType>0</m_eStateEventType>
					<m_bHighInit>1</m_bHighInit>
					<m_bTotalsSinceLastCall>0</m_bTotalsSinceLastCall>
					<m_eValueType>0</m_eValueType>
					<m_bHasValueDefault>1</m_bHasValueDefault>
					<m_eTypeValueDefault>0</m_eTypeValueDefault>
					<m_bValueDefault>0</m_bValueDefault>
					<m_lValueDefault>0</m_lValueDefault>
					<m_dbValueDefault>0.00000000000000000e+000</m_dbValueDefault>
				</item>
			</m_vecSignal>
		</item>
		<item>
			<m_iDeviceTypeId>3</m_iDeviceTypeId>
			<m_strDeviceTypeName>Lickometer (PTLM-0010)</m_strDeviceTypeName>
			<m_dMaxFrequency>2.00000000000000000e+000</m_dMaxFrequency>
			<m_ePortType>1</m_ePortType>
			<m_iConnectorTypeId>-1</m_iConnectorTypeId>
			<m_vecCommand>
				<count>0</count>
				<item_version>0</item_version>
			</m_vecCommand>
			<m_vecSignal>
				<count>2</count>
				<item_version>0</item_version>
				<item>
					<m_iId>0</m_iId>
					<m_strName>Number of licks</m_strName>
					<m_eSignalSource>0</m_eSignalSource>
					<m_eSignalHwType>1</m_eSignalHwType>
					<m_iPin>-1</m_iPin>
					<m_iNrBytes>4</m_iNrBytes>
					<m_iIndexFirstByte>0</m_iIndexFirstByte>
					<m_iIndexLastByte>1</m_iIndexLastByte>
					<m_eStateEventType>-1</m_eStateEventType>
					<m_bHighInit>1</m_bHighInit>
					<m_bTotalsSinceLastCall>1</m_bTotalsSinceLastCall>
					<m_eValueType>1</m_eValueType>
					<m_bHasValueDefault>1</m_bHasValueDefault>
					<m_eTypeValueDefault>1</m_eTypeValueDefault>
					<m_bValueDefault>0</m_bValueDefault>
					<m_lValueDefault>0</m_lValueDefault>
					<m_dbValueDefault>0.00000000000000000e+000</m_dbValueDefault>
				</item>
				<item>
					<m_iId>1</m_iId>
					<m_strName>Duration of licks</m_strName>
					<m_eSignalSource>0</m_eSignalSource>
					<m_eSignalHwType>1</m_eSignalHwType>
					<m_iPin>-1</m_iPin>
					<m_iNrBytes>4</m_iNrBytes>
					<m_iIndexFirstByte>2</m_iIndexFirstByte>
					<m_iIndexLastByte>3</m_iIndexLastByte>
					<m_eStateEventType>-1</m_eStateEventType>
					<m_bHighInit>1</m_bHighInit>
					<m_bTotalsSinceLastCall>1</m_bTotalsSinceLastCall>
					<m_eValueType>3</m_eValueType>
					<m_bHasValueDefault>1</m_bHasValueDefault>
					<m_eTypeValueDefault>1</m_eTypeValueDefault>
					<m_bValueDefault>0</m_bValueDefault>
					<m_lValueDefault>0</m_lValueDefault>
					<m_dbValueDefault>0.00000000000000000e+000</m_dbValueDefault>
				</item>
			</m_vecSignal>
		</item>
		<item>
			<m_iDeviceTypeId>4</m_iDeviceTypeId>
			<m_strDeviceTypeName>TTL Port Tester (PTTB-0010)</m_strDeviceTypeName>
			<m_dMaxFrequency>0.00000000000000000e+000</m_dMaxFrequency>
			<m_ePortType>0</m_ePortType>
			<m_iConnectorTypeId>-1</m_iConnectorTypeId>
			<m_vecCommand>
				<count>4</count>
				<item_version>0</item_version>
				<item>
					<m_iId>1</m_iId>
					<m_strName>Light 1 on</m_strName>
					<m_bIsDefaultCommand>0</m_bIsDefaultCommand>
					<m_iPin>1</m_iPin>
					<m_bHigh>1</m_bHigh>
					<m_iDuration>0</m_iDuration>
				</item>
				<item>
					<m_iId>0</m_iId>
					<m_strName>Light 1 off</m_strName>
					<m_bIsDefaultCommand>1</m_bIsDefaultCommand>
					<m_iPin>1</m_iPin>
					<m_bHigh>0</m_bHigh>
					<m_iDuration>0</m_iDuration>
				</item>
				<item>
					<m_iId>3</m_iId>
					<m_strName>Light 2 on</m_strName>
					<m_bIsDefaultCommand>0</m_bIsDefaultCommand>
					<m_iPin>2</m_iPin>
					<m_bHigh>1</m_bHigh>
					<m_iDuration>0</m_iDuration>
				</item>
				<item>
					<m_iId>2</m_iId>
					<m_strName>Light 2 off</m_strName>
					<m_bIsDefaultCommand>1</m_bIsDefaultCommand>
					<m_iPin>2</m_iPin>
					<m_bHigh>0</m_bHigh>
					<m_iDuration>0</m_iDuration>
				</item>
			</m_vecCommand>
			<m_vecSignal>
				<count>6</count>
				<item_version>0</item_version>
				<item>
					<m_iId>0</m_iId>
					<m_strName>Button 1 presses</m_strName>
					<m_eSignalSource>0</m_eSignalSource>
					<m_eSignalHwType>0</m_eSignalHwType>
					<m_iPin>1</m_iPin>
					<m_iNrBytes>0</m_iNrBytes>
					<m_iIndexFirstByte>-1</m_iIndexFirstByte>
					<m_iIndexLastByte>-1</m_iIndexLastByte>
					<m_eStateEventType>3</m_eStateEventType>
					<m_bHighInit>1</m_bHighInit>
					<m_bTotalsSinceLastCall>1</m_bTotalsSinceLastCall>
					<m_eValueType>1</m_eValueType>
					<m_bHasValueDefault>1</m_bHasValueDefault>
					<m_eTypeValueDefault>1</m_eTypeValueDefault>
					<m_bValueDefault>0</m_bValueDefault>
					<m_lValueDefault>0</m_lValueDefault>
					<m_dbValueDefault>0.00000000000000000e+000</m_dbValueDefault>
				</item>
				<item>
					<m_iId>2</m_iId>
					<m_strName>Is button 1 pressed</m_strName>
					<m_eSignalSource>0</m_eSignalSource>
					<m_eSignalHwType>0</m_eSignalHwType>
					<m_iPin>1</m_iPin>
					<m_iNrBytes>0</m_iNrBytes>
					<m_iIndexFirstByte>-1</m_iIndexFirstByte>
					<m_iIndexLastByte>-1</m_iIndexLastByte>
					<m_eStateEventType>0</m_eStateEventType>
					<m_bHighInit>1</m_bHighInit>
					<m_bTotalsSinceLastCall>0</m_bTotalsSinceLastCall>
					<m_eValueType>0</m_eValueType>
					<m_bHasValueDefault>1</m_bHasValueDefault>
					<m_eTypeValueDefault>0</m_eTypeValueDefault>
					<m_bValueDefault>0</m_bValueDefault>
					<m_lValueDefault>0</m_lValueDefault>
					<m_dbValueDefault>0.00000000000000000e+000</m_dbValueDefault>
				</item>
				<item>
					<m_iId>4</m_iId>
					<m_strName>Button 2 presses</m_strName>
					<m_eSignalSource>0</m_eSignalSource>
					<m_eSignalHwType>0</m_eSignalHwType>
					<m_iPin>2</m_iPin>
					<m_iNrBytes>0</m_iNrBytes>
					<m_iIndexFirstByte>-1</m_iIndexFirstByte>
					<m_iIndexLastByte>-1</m_iIndexLastByte>
					<m_eStateEventType>3</m_eStateEventType>
					<m_bHighInit>1</m_bHighInit>
					<m_bTotalsSinceLastCall>1</m_bTotalsSinceLastCall>
					<m_eValueType>1</m_eValueType>
					<m_bHasValueDefault>1</m_bHasValueDefault>
					<m_eTypeValueDefault>1</m_eTypeValueDefault>
					<m_bValueDefault>0</m_bValueDefault>
					<m_lValueDefault>0</m_lValueDefault>
					<m_dbValueDefault>0.00000000000000000e+000</m_dbValueDefault>
				</item>
				<item>
					<m_iId>6</m_iId>
					<m_strName>Is button 2 pressed</m_strName>
					<m_eSignalSource>0</m_eSignalSource>
					<m_eSignalHwType>0</m_eSignalHwType>
					<m_iPin>2</m_iPin>
					<m_iNrBytes>0</m_iNrBytes>
					<m_iIndexFirstByte>-1</m_iIndexFirstByte>
					<m_iIndexLastByte>-1</m_iIndexLastByte>
					<m_eStateEventType>0</m_eStateEventType>
					<m_bHighInit>1</m_bHighInit>
					<m_bTotalsSinceLastCall>0</m_bTotalsSinceLastCall>
					<m_eValueType>0</m_eValueType>
					<m_bHasValueDefault>1</m_bHasValueDefault>
					<m_eTypeValueDefault>0</m_eTypeValueDefault>
					<m_bValueDefault>0</m_bValueDefault>
					<m_lValueDefault>0</m_lValueDefault>
					<m_dbValueDefault>0.00000000000000000e+000</m_dbValueDefault>
				</item>
				<item>
					<m_iId>8</m_iId>
					<m_strName>Is light 1 on</m_strName>
					<m_eSignalSource>1</m_eSignalSource>
					<m_eSignalHwType>0</m_eSignalHwType>
					<m_iPin>1</m_iPin>
					<m_iNrBytes>0</m_iNrBytes>
					<m_iIndexFirstByte>-1</m_iIndexFirstByte>
					<m_iIndexLastByte>-1</m_iIndexLastByte>
					<m_eStateEventType>1</m_eStateEventType>
					<m_bHighInit>1</m_bHighInit>
					<m_bTotalsSinceLastCall>0</m_bTotalsSinceLastCall>
					<m_eValueType>0</m_eValueType>
					<m_bHasValueDefault>1</m_bHasValueDefault>
					<m_eTypeValueDefault>0</m_eTypeValueDefault>
					<m_bValueDefault>0</m_bValueDefault>
					<m_lValueDefault>0</m_lValueDefault>
					<m_dbValueDefault>0.00000000000000000e+000</m_dbValueDefault>
				</item>
				<item>
					<m_iId>9</m_iId>
					<m_strName>Is light 2 on</m_strName>
					<m_eSignalSource>1</m_eSignalSource>
					<m_eSignalHwType>0</m_eSignalHwType>
					<m_iPin>2</m_iPin>
					<m_iNrBytes>0</m_iNrBytes>
					<m_iIndexFirstByte>-1</m_iIndexFirstByte>
					<m_iIndexLastByte>-1</m_iIndexLastByte>
					<m_eStateEventType>1</m_eStateEventType>
					<m_bHighInit>1</m_bHighInit>
					<m_bTotalsSinceLastCall>0</m_bTotalsSinceLastCall>
					<m_eValueType>0</m_eValueType>
					<m_bHasValueDefault>1</m_bHasValueDefault>
					<m_eTypeValueDefault>0</m_eTypeValueDefault>
					<m_bValueDefault>0</m_bValueDefault>
					<m_lValueDefault>0</m_lValueDefault>
					<m_dbValueDefault>0.00000000000000000e+000</m_dbValueDefault>
				</item>
			</m_vecSignal>
		</item>
		<item>
			<m_iDeviceTypeId>5</m_iDeviceTypeId>
			<m_strDeviceTypeName>Custom Hardware</m_strDeviceTypeName>
			<m_dMaxFrequency>0.00000000000000000e+000</m_dMaxFrequency>
			<m_ePortType>0</m_ePortType>
			<m_iConnectorTypeId>-1</m_iConnectorTypeId>
			<m_vecCommand>
				<count>4</count>
				<item_version>0</item_version>
				<item>
					<m_iId>1</m_iId>
					<m_strName>Output 1 High</m_strName>
					<m_bIsDefaultCommand>0</m_bIsDefaultCommand>
					<m_iPin>1</m_iPin>
					<m_bHigh>1</m_bHigh>
					<m_iDuration>0</m_iDuration>
				</item>
				<item>
					<m_iId>0</m_iId>
					<m_strName>Output 1 Low</m_strName>
					<m_bIsDefaultCommand>1</m_bIsDefaultCommand>
					<m_iPin>1</m_iPin>
					<m_bHigh>0</m_bHigh>
					<m_iDuration>0</m_iDuration>
				</item>
				<item>
					<m_iId>3</m_iId>
					<m_strName>Output 2 High</m_strName>
					<m_bIsDefaultCommand>0</m_bIsDefaultCommand>
					<m_iPin>2</m_iPin>
					<m_bHigh>1</m_bHigh>
					<m_iDuration>0</m_iDuration>
				</item>
				<item>
					<m_iId>2</m_iId>
					<m_strName>Output 2 Low</m_strName>
					<m_bIsDefaultCommand>1</m_bIsDefaultCommand>
					<m_iPin>2</m_iPin>
					<m_bHigh>0</m_bHigh>
					<m_iDuration>0</m_iDuration>
				</item>
			</m_vecCommand>
			<m_vecSignal>
				<count>10</count>
				<item_version>0</item_version>
				<item>
					<m_iId>1</m_iId>
					<m_strName>Input 1 L-&gt;H count</m_strName>
					<m_eSignalSource>0</m_eSignalSource>
					<m_eSignalHwType>0</m_eSignalHwType>
					<m_iPin>1</m_iPin>
					<m_iNrBytes>0</m_iNrBytes>
					<m_iIndexFirstByte>-1</m_iIndexFirstByte>
					<m_iIndexLastByte>-1</m_iIndexLastByte>
					<m_eStateEventType>2</m_eStateEventType>
					<m_bHighInit>1</m_bHighInit>
					<m_bTotalsSinceLastCall>1</m_bTotalsSinceLastCall>
					<m_eValueType>1</m_eValueType>
					<m_bHasValueDefault>1</m_bHasValueDefault>
					<m_eTypeValueDefault>1</m_eTypeValueDefault>
					<m_bValueDefault>0</m_bValueDefault>
					<m_lValueDefault>0</m_lValueDefault>
					<m_dbValueDefault>0.00000000000000000e+000</m_dbValueDefault>
				</item>
				<item>
					<m_iId>0</m_iId>
					<m_strName>Input 1 H-&gt;L count</m_strName>
					<m_eSignalSource>0</m_eSignalSource>
					<m_eSignalHwType>0</m_eSignalHwType>
					<m_iPin>1</m_iPin>
					<m_iNrBytes>0</m_iNrBytes>
					<m_iIndexFirstByte>-1</m_iIndexFirstByte>
					<m_iIndexLastByte>-1</m_iIndexLastByte>
					<m_eStateEventType>3</m_eStateEventType>
					<m_bHighInit>1</m_bHighInit>
					<m_bTotalsSinceLastCall>1</m_bTotalsSinceLastCall>
					<m_eValueType>1</m_eValueType>
					<m_bHasValueDefault>1</m_bHasValueDefault>
					<m_eTypeValueDefault>1</m_eTypeValueDefault>
					<m_bValueDefault>0</m_bValueDefault>
					<m_lValueDefault>0</m_lValueDefault>
					<m_dbValueDefault>0.00000000000000000e+000</m_dbValueDefault>
				</item>
				<item>
					<m_iId>3</m_iId>
					<m_strName>Is input 1 High</m_strName>
					<m_eSignalSource>0</m_eSignalSource>
					<m_eSignalHwType>0</m_eSignalHwType>
					<m_iPin>1</m_iPin>
					<m_iNrBytes>0</m_iNrBytes>
					<m_iIndexFirstByte>-1</m_iIndexFirstByte>
					<m_iIndexLastByte>-1</m_iIndexLastByte>
					<m_eStateEventType>1</m_eStateEventType>
					<m_bHighInit>1</m_bHighInit>
					<m_bTotalsSinceLastCall>0</m_bTotalsSinceLastCall>
					<m_eValueType>0</m_eValueType>
					<m_bHasValueDefault>1</m_bHasValueDefault>
					<m_eTypeValueDefault>0</m_eTypeValueDefault>
					<m_bValueDefault>1</m_bValueDefault>
					<m_lValueDefault>0</m_lValueDefault>
					<m_dbValueDefault>0.00000000000000000e+000</m_dbValueDefault>
				</item>
				<item>
					<m_iId>2</m_iId>
					<m_strName>Is input 1 Low</m_strName>
					<m_eSignalSource>0</m_eSignalSource>
					<m_eSignalHwType>0</m_eSignalHwType>
					<m_iPin>1</m_iPin>
					<m_iNrBytes>0</m_iNrBytes>
					<m_iIndexFirstByte>-1</m_iIndexFirstByte>
					<m_iIndexLastByte>-1</m_iIndexLastByte>
					<m_eStateEventType>0</m_eStateEventType>
					<m_bHighInit>1</m_bHighInit>
					<m_bTotalsSinceLastCall>0</m_bTotalsSinceLastCall>
					<m_eValueType>0</m_eValueType>
					<m_bHasValueDefault>1</m_bHasValueDefault>
					<m_eTypeValueDefault>0</m_eTypeValueDefault>
					<m_bValueDefault>0</m_bValueDefault>
					<m_lValueDefault>0</m_lValueDefault>
					<m_dbValueDefault>0.00000000000000000e+000</m_dbValueDefault>
				</item>
				<item>
					<m_iId>5</m_iId>
					<m_strName>Input 2 L-&gt;H count</m_strName>
					<m_eSignalSource>0</m_eSignalSource>
					<m_eSignalHwType>0</m_eSignalHwType>
					<m_iPin>2</m_iPin>
					<m_iNrBytes>0</m_iNrBytes>
					<m_iIndexFirstByte>-1</m_iIndexFirstByte>
					<m_iIndexLastByte>-1</m_iIndexLastByte>
					<m_eStateEventType>2</m_eStateEventType>
					<m_bHighInit>1</m_bHighInit>
					<m_bTotalsSinceLastCall>1</m_bTotalsSinceLastCall>
					<m_eValueType>1</m_eValueType>
					<m_bHasValueDefault>1</m_bHasValueDefault>
					<m_eTypeValueDefault>1</m_eTypeValueDefault>
					<m_bValueDefault>0</m_bValueDefault>
					<m_lValueDefault>0</m_lValueDefault>
					<m_dbValueDefault>0.00000000000000000e+000</m_dbValueDefault>
				</item>
				<item>
					<m_iId>4</m_iId>
					<m_strName>Input 2 H-&gt;L count</m_strName>
					<m_eSignalSource>0</m_eSignalSource>
					<m_eSignalHwType>0</m_eSignalHwType>
					<m_iPin>2</m_iPin>
					<m_iNrBytes>0</m_iNrBytes>
					<m_iIndexFirstByte>-1</m_iIndexFirstByte>
					<m_iIndexLastByte>-1</m_iIndexLastByte>
					<m_eStateEventType>3</m_eStateEventType>
					<m_bHighInit>1</m_bHighInit>
					<m_bTotalsSinceLastCall>1</m_bTotalsSinceLastCall>
					<m_eValueType>1</m_eValueType>
					<m_bHasValueDefault>1</m_bHasValueDefault>
					<m_eTypeValueDefault>1</m_eTypeValueDefault>
					<m_bValueDefault>0</m_bValueDefault>
					<m_lValueDefault>0</m_lValueDefault>
					<m_dbValueDefault>0.00000000000000000e+000</m_dbValueDefault>
				</item>
				<item>
					<m_iId>7</m_iId>
					<m_strName>Is input 2 High</m_strName>
					<m_eSignalSource>0</m_eSignalSource>
					<m_eSignalHwType>0</m_eSignalHwType>
					<m_iPin>2</m_iPin>
					<m_iNrBytes>0</m_iNrBytes>
					<m_iIndexFirstByte>-1</m_iIndexFirstByte>
					<m_iIndexLastByte>-1</m_iIndexLastByte>
					<m_eStateEventType>1</m_eStateEventType>
					<m_bHighInit>1</m_bHighInit>
					<m_bTotalsSinceLastCall>0</m_bTotalsSinceLastCall>
					<m_eValueType>0</m_eValueType>
					<m_bHasValueDefault>1</m_bHasValueDefault>
					<m_eTypeValueDefault>0</m_eTypeValueDefault>
					<m_bValueDefault>1</m_bValueDefault>
					<m_lValueDefault>0</m_lValueDefault>
					<m_dbValueDefault>0.00000000000000000e+000</m_dbValueDefault>
				</item>
				<item>
					<m_iId>6</m_iId>
					<m_strName>Is input 2 Low</m_strName>
					<m_eSignalSource>0</m_eSignalSource>
					<m_eSignalHwType>0</m_eSignalHwType>
					<m_iPin>2</m_iPin>
					<m_iNrBytes>0</m_iNrBytes>
					<m_iIndexFirstByte>-1</m_iIndexFirstByte>
					<m_iIndexLastByte>-1</m_iIndexLastByte>
					<m_eStateEventType>0</m_eStateEventType>
					<m_bHighInit>1</m_bHighInit>
					<m_bTotalsSinceLastCall>0</m_bTotalsSinceLastCall>
					<m_eValueType>0</m_eValueType>
					<m_bHasValueDefault>1</m_bHasValueDefault>
					<m_eTypeValueDefault>0</m_eTypeValueDefault>
					<m_bValueDefault>0</m_bValueDefault>
					<m_lValueDefault>0</m_lValueDefault>
					<m_dbValueDefault>0.00000000000000000e+000</m_dbValueDefault>
				</item>
				<item>
					<m_iId>8</m_iId>
					<m_strName>Is output 1 High</m_strName>
					<m_eSignalSource>1</m_eSignalSource>
					<m_eSignalHwType>0</m_eSignalHwType>
					<m_iPin>1</m_iPin>
					<m_iNrBytes>0</m_iNrBytes>
					<m_iIndexFirstByte>-1</m_iIndexFirstByte>
					<m_iIndexLastByte>-1</m_iIndexLastByte>
					<m_eStateEventType>1</m_eStateEventType>
					<m_bHighInit>1</m_bHighInit>
					<m_bTotalsSinceLastCall>0</m_bTotalsSinceLastCall>
					<m_eValueType>0</m_eValueType>
					<m_bHasValueDefault>1</m_bHasValueDefault>
					<m_eTypeValueDefault>0</m_eTypeValueDefault>
					<m_bValueDefault>0</m_bValueDefault>
					<m_lValueDefault>0</m_lValueDefault>
					<m_dbValueDefault>0.00000000000000000e+000</m_dbValueDefault>
				</item>
				<item>
					<m_iId>9</m_iId>
					<m_strName>Is output 2 High</m_strName>
					<m_eSignalSource>1</m_eSignalSource>
					<m_eSignalHwType>0</m_eSignalHwType>
					<m_iPin>2</m_iPin>
					<m_iNrBytes>0</m_iNrBytes>
					<m_iIndexFirstByte>-1</m_iIndexFirstByte>
					<m_iIndexLastByte>-1</m_iIndexLastByte>
					<m_eStateEventType>1</m_eStateEventType>
					<m_bHighInit>1</m_bHighInit>
					<m_bTotalsSinceLastCall>0</m_bTotalsSinceLastCall>
					<m_eValueType>0</m_eValueType>
					<m_bHasValueDefault>1</m_bHasValueDefault>
					<m_eTypeValueDefault>0</m_eTypeValueDefault>
					<m_bValueDefault>0</m_bValueDefault>
					<m_lValueDefault>0</m_lValueDefault>
					<m_dbValueDefault>0.00000000000000000e+000</m_dbValueDefault>
				</item>
			</m_vecSignal>
		</item>
		<item>
			<m_iDeviceTypeId>6</m_iDeviceTypeId>
			<m_strDeviceTypeName>PhenoWheel (60)</m_strDeviceTypeName>
			<m_dMaxFrequency>6.00000000000000000e+001</m_dMaxFrequency>
			<m_ePortType>1</m_ePortType>
			<m_iConnectorTypeId>-1</m_iConnectorTypeId>
			<m_vecCommand>
				<count>0</count>
				<item_version>0</item_version>
			</m_vecCommand>
			<m_vecSignal>
				<count>1</count>
				<item_version>0</item_version>
				<item>
					<m_iId>0</m_iId>
					<m_strName>Number of cycles</m_strName>
					<m_eSignalSource>0</m_eSignalSource>
					<m_eSignalHwType>1</m_eSignalHwType>
					<m_iPin>-1</m_iPin>
					<m_iNrBytes>4</m_iNrBytes>
					<m_iIndexFirstByte>0</m_iIndexFirstByte>
					<m_iIndexLastByte>1</m_iIndexLastByte>
					<m_eStateEventType>-1</m_eStateEventType>
					<m_bHighInit>1</m_bHighInit>
					<m_bTotalsSinceLastCall>1</m_bTotalsSinceLastCall>
					<m_eValueType>1</m_eValueType>
					<m_bHasValueDefault>1</m_bHasValueDefault>
					<m_eTypeValueDefault>1</m_eTypeValueDefault>
					<m_bValueDefault>0</m_bValueDefault>
					<m_lValueDefault>0</m_lValueDefault>
					<m_dbValueDefault>0.00000000000000000e+000</m_dbValueDefault>
				</item>
			</m_vecSignal>
		</item>
		<item>
			<m_iDeviceTypeId>7</m_iDeviceTypeId>
			<m_strDeviceTypeName>USB-IO box monitor</m_strDeviceTypeName>
			<m_dMaxFrequency>0.00000000000000000e+000</m_dMaxFrequency>
			<m_ePortType>0</m_ePortType>
			<m_iConnectorTypeId>-1</m_iConnectorTypeId>
			<m_vecCommand>
				<count>0</count>
				<item_version>0</item_version>
			</m_vecCommand>
			<m_vecSignal>
				<count>1</count>
				<item_version>0</item_version>
				<item>
					<m_iId>0</m_iId>
					<m_strName>USB-IO box operating</m_strName>
					<m_eSignalSource>0</m_eSignalSource>
					<m_eSignalHwType>0</m_eSignalHwType>
					<m_iPin>1</m_iPin>
					<m_iNrBytes>0</m_iNrBytes>
					<m_iIndexFirstByte>-1</m_iIndexFirstByte>
					<m_iIndexLastByte>-1</m_iIndexLastByte>
					<m_eStateEventType>1</m_eStateEventType>
					<m_bHighInit>1</m_bHighInit>
					<m_bTotalsSinceLastCall>0</m_bTotalsSinceLastCall>
					<m_eValueType>0</m_eValueType>
					<m_bHasValueDefault>1</m_bHasValueDefault>
					<m_eTypeValueDefault>0</m_eTypeValueDefault>
					<m_bValueDefault>1</m_bValueDefault>
					<m_lValueDefault>0</m_lValueDefault>
					<m_dbValueDefault>0.00000000000000000e+000</m_dbValueDefault>
				</item>
			</m_vecSignal>
		</item>
		<item>
			<m_iDeviceTypeId>8</m_iDeviceTypeId>
			<m_strDeviceTypeName>Beam Controller (PTBC-0010)</m_strDeviceTypeName>
			<m_dMaxFrequency>0.00000000000000000e+000</m_dMaxFrequency>
			<m_ePortType>0</m_ePortType>
			<m_iConnectorTypeId>-1</m_iConnectorTypeId>
			<m_vecCommand>
				<count>4</count>
				<item_version>0</item_version>
				<item>
					<m_iId>1</m_iId>
					<m_strName>Cue 1 on</m_strName>
					<m_bIsDefaultCommand>0</m_bIsDefaultCommand>
					<m_iPin>1</m_iPin>
					<m_bHigh>1</m_bHigh>
					<m_iDuration>0</m_iDuration>
				</item>
				<item>
					<m_iId>0</m_iId>
					<m_strName>Cue 1 off</m_strName>
					<m_bIsDefaultCommand>1</m_bIsDefaultCommand>
					<m_iPin>1</m_iPin>
					<m_bHigh>0</m_bHigh>
					<m_iDuration>0</m_iDuration>
				</item>
				<item>
					<m_iId>3</m_iId>
					<m_strName>Cue 2 on</m_strName>
					<m_bIsDefaultCommand>0</m_bIsDefaultCommand>
					<m_iPin>2</m_iPin>
					<m_bHigh>1</m_bHigh>
					<m_iDuration>0</m_iDuration>
				</item>
				<item>
					<m_iId>2</m_iId>
					<m_strName>Cue 2 off</m_strName>
					<m_bIsDefaultCommand>1</m_bIsDefaultCommand>
					<m_iPin>2</m_iPin>
					<m_bHigh>0</m_bHigh>
					<m_iDuration>0</m_iDuration>
				</item>
			</m_vecCommand>
			<m_vecSignal>
				<count>6</count>
				<item_version>0</item_version>
				<item>
					<m_iId>0</m_iId>
					<m_strName>Beam 1 breaks</m_strName>
					<m_eSignalSource>0</m_eSignalSource>
					<m_eSignalHwType>0</m_eSignalHwType>
					<m_iPin>1</m_iPin>
					<m_iNrBytes>0</m_iNrBytes>
					<m_iIndexFirstByte>-1</m_iIndexFirstByte>
					<m_iIndexLastByte>-1</m_iIndexLastByte>
					<m_eStateEventType>3</m_eStateEventType>
					<m_bHighInit>1</m_bHighInit>
					<m_bTotalsSinceLastCall>1</m_bTotalsSinceLastCall>
					<m_eValueType>1</m_eValueType>
					<m_bHasValueDefault>1</m_bHasValueDefault>
					<m_eTypeValueDefault>1</m_eTypeValueDefault>
					<m_bValueDefault>0</m_bValueDefault>
					<m_lValueDefault>0</m_lValueDefault>
					<m_dbValueDefault>0.00000000000000000e+000</m_dbValueDefault>
				</item>
				<item>
					<m_iId>2</m_iId>
					<m_strName>Is beam 1 broken</m_strName>
					<m_eSignalSource>0</m_eSignalSource>
					<m_eSignalHwType>0</m_eSignalHwType>
					<m_iPin>1</m_iPin>
					<m_iNrBytes>0</m_iNrBytes>
					<m_iIndexFirstByte>-1</m_iIndexFirstByte>
					<m_iIndexLastByte>-1</m_iIndexLastByte>
					<m_eStateEventType>0</m_eStateEventType>
					<m_bHighInit>1</m_bHighInit>
					<m_bTotalsSinceLastCall>0</m_bTotalsSinceLastCall>
					<m_eValueType>0</m_eValueType>
					<m_bHasValueDefault>1</m_bHasValueDefault>
					<m_eTypeValueDefault>0</m_eTypeValueDefault>
					<m_bValueDefault>0</m_bValueDefault>
					<m_lValueDefault>0</m_lValueDefault>
					<m_dbValueDefault>0.00000000000000000e+000</m_dbValueDefault>
				</item>
				<item>
					<m_iId>4</m_iId>
					<m_strName>Beam 2 breaks</m_strName>
					<m_eSignalSource>0</m_eSignalSource>
					<m_eSignalHwType>0</m_eSignalHwType>
					<m_iPin>2</m_iPin>
					<m_iNrBytes>0</m_iNrBytes>
					<m_iIndexFirstByte>-1</m_iIndexFirstByte>
					<m_iIndexLastByte>-1</m_iIndexLastByte>
					<m_eStateEventType>3</m_eStateEventType>
					<m_bHighInit>1</m_bHighInit>
					<m_bTotalsSinceLastCall>1</m_bTotalsSinceLastCall>
					<m_eValueType>1</m_eValueType>
					<m_bHasValueDefault>1</m_bHasValueDefault>
					<m_eTypeValueDefault>1</m_eTypeValueDefault>
					<m_bValueDefault>0</m_bValueDefault>
					<m_lValueDefault>0</m_lValueDefault>
					<m_dbValueDefault>0.00000000000000000e+000</m_dbValueDefault>
				</item>
				<item>
					<m_iId>6</m_iId>
					<m_strName>Is beam 2 broken</m_strName>
					<m_eSignalSource>0</m_eSignalSource>
					<m_eSignalHwType>0</m_eSignalHwType>
					<m_iPin>2</m_iPin>
					<m_iNrBytes>0</m_iNrBytes>
					<m_iIndexFirstByte>-1</m_iIndexFirstByte>
					<m_iIndexLastByte>-1</m_iIndexLastByte>
					<m_eStateEventType>0</m_eStateEventType>
					<m_bHighInit>1</m_bHighInit>
					<m_bTotalsSinceLastCall>0</m_bTotalsSinceLastCall>
					<m_eValueType>0</m_eValueType>
					<m_bHasValueDefault>1</m_bHasValueDefault>
					<m_eTypeValueDefault>0</m_eTypeValueDefault>
					<m_bValueDefault>0</m_bValueDefault>
					<m_lValueDefault>0</m_lValueDefault>
					<m_dbValueDefault>0.00000000000000000e+000</m_dbValueDefault>
				</item>
				<item>
					<m_iId>8</m_iId>
					<m_strName>Is cue 1 on</m_strName>
					<m_eSignalSource>1</m_eSignalSource>
					<m_eSignalHwType>0</m_eSignalHwType>
					<m_iPin>1</m_iPin>
					<m_iNrBytes>0</m_iNrBytes>
					<m_iIndexFirstByte>-1</m_iIndexFirstByte>
					<m_iIndexLastByte>-1</m_iIndexLastByte>
					<m_eStateEventType>1</m_eStateEventType>
					<m_bHighInit>1</m_bHighInit>
					<m_bTotalsSinceLastCall>0</m_bTotalsSinceLastCall>
					<m_eValueType>0</m_eValueType>
					<m_bHasValueDefault>1</m_bHasValueDefault>
					<m_eTypeValueDefault>0</m_eTypeValueDefault>
					<m_bValueDefault>0</m_bValueDefault>
					<m_lValueDefault>0</m_lValueDefault>
					<m_dbValueDefault>0.00000000000000000e+000</m_dbValueDefault>
				</item>
				<item>
					<m_iId>9</m_iId>
					<m_strName>Is cue 2 on</m_strName>
					<m_eSignalSource>1</m_eSignalSource>
					<m_eSignalHwType>0</m_eSignalHwType>
					<m_iPin>2</m_iPin>
					<m_iNrBytes>0</m_iNrBytes>
					<m_iIndexFirstByte>-1</m_iIndexFirstByte>
					<m_iIndexLastByte>-1</m_iIndexLastByte>
					<m_eStateEventType>1</m_eStateEventType>
					<m_bHighInit>1</m_bHighInit>
					<m_bTotalsSinceLastCall>0</m_bTotalsSinceLastCall>
					<m_eValueType>0</m_eValueType>
					<m_bHasValueDefault>1</m_bHasValueDefault>
					<m_eTypeValueDefault>0</m_eTypeValueDefault>
					<m_bValueDefault>0</m_bValueDefault>
					<m_lValueDefault>0</m_lValueDefault>
					<m_dbValueDefault>0.00000000000000000e+000</m_dbValueDefault>
				</item>
			</m_vecSignal>
		</item>
		<item>
			<m_iDeviceTypeId>9</m_iDeviceTypeId>
			<m_strDeviceTypeName>Activity Wheel Counter (ENV-042)</m_strDeviceTypeName>
			<m_dMaxFrequency>6.00000000000000000e+001</m_dMaxFrequency>
			<m_ePortType>1</m_ePortType>
			<m_iConnectorTypeId>-1</m_iConnectorTypeId>
			<m_vecCommand>
				<count>0</count>
				<item_version>0</item_version>
			</m_vecCommand>
			<m_vecSignal>
				<count>1</count>
				<item_version>0</item_version>
				<item>
					<m_iId>0</m_iId>
					<m_strName>Quarter cycles</m_strName>
					<m_eSignalSource>0</m_eSignalSource>
					<m_eSignalHwType>1</m_eSignalHwType>
					<m_iPin>-1</m_iPin>
					<m_iNrBytes>4</m_iNrBytes>
					<m_iIndexFirstByte>0</m_iIndexFirstByte>
					<m_iIndexLastByte>1</m_iIndexLastByte>
					<m_eStateEventType>-1</m_eStateEventType>
					<m_bHighInit>1</m_bHighInit>
					<m_bTotalsSinceLastCall>1</m_bTotalsSinceLastCall>
					<m_eValueType>1</m_eValueType>
					<m_bHasValueDefault>1</m_bHasValueDefault>
					<m_eTypeValueDefault>1</m_eTypeValueDefault>
					<m_bValueDefault>0</m_bValueDefault>
					<m_lValueDefault>0</m_lValueDefault>
					<m_dbValueDefault>0.00000000000000000e+000</m_dbValueDefault>
				</item>
			</m_vecSignal>
		</item>
		<item>
			<m_iDeviceTypeId>10</m_iDeviceTypeId>
			<m_strDeviceTypeName>Activity Wheel Brake (ENV-042)</m_strDeviceTypeName>
			<m_dMaxFrequency>0.00000000000000000e+000</m_dMaxFrequency>
			<m_ePortType>0</m_ePortType>
			<m_iConnectorTypeId>-1</m_iConnectorTypeId>
			<m_vecCommand>
				<count>2</count>
				<item_version>0</item_version>
				<item>
					<m_iId>1</m_iId>
					<m_strName>Brake on</m_strName>
					<m_bIsDefaultCommand>0</m_bIsDefaultCommand>
					<m_iPin>1</m_iPin>
					<m_bHigh>1</m_bHigh>
					<m_iDuration>0</m_iDuration>
				</item>
				<item>
					<m_iId>0</m_iId>
					<m_strName>Brake off</m_strName>
					<m_bIsDefaultCommand>1</m_bIsDefaultCommand>
					<m_iPin>1</m_iPin>
					<m_bHigh>0</m_bHigh>
					<m_iDuration>0</m_iDuration>
				</item>
			</m_vecCommand>
			<m_vecSignal>
				<count>0</count>
				<item_version>0</item_version>
			</m_vecSignal>
		</item>
		<item>
			<m_iDeviceTypeId>11</m_iDeviceTypeId>
			<m_strDeviceTypeName>Backlight Unit White Light</m_strDeviceTypeName>
			<m_dMaxFrequency>0.00000000000000000e+000</m_dMaxFrequency>
			<m_ePortType>0</m_ePortType>
			<m_iConnectorTypeId>-1</m_iConnectorTypeId>
			<m_vecCommand>
				<count>2</count>
				<item_version>0</item_version>
				<item>
					<m_iId>1</m_iId>
					<m_strName>White light on</m_strName>
					<m_bIsDefaultCommand>1</m_bIsDefaultCommand>
					<m_iPin>1</m_iPin>
					<m_bHigh>1</m_bHigh>
					<m_iDuration>0</m_iDuration>
				</item>
				<item>
					<m_iId>0</m_iId>
					<m_strName>White light off</m_strName>
					<m_bIsDefaultCommand>0</m_bIsDefaultCommand>
					<m_iPin>1</m_iPin>
					<m_bHigh>0</m_bHigh>
					<m_iDuration>0</m_iDuration>
				</item>
			</m_vecCommand>
			<m_vecSignal>
				<count>0</count>
				<item_version>0</item_version>
			</m_vecSignal>
		</item>
		<item>
			<m_iDeviceTypeId>12</m_iDeviceTypeId>
			<m_strDeviceTypeName>Top Unit Tester (PTTB-0020)</m_strDeviceTypeName>
			<m_dMaxFrequency>0.00000000000000000e+000</m_dMaxFrequency>
			<m_ePortType>1</m_ePortType>
			<m_iConnectorTypeId>0</m_iConnectorTypeId>
			<m_vecCommand>
				<count>14</count>
				<item_version>0</item_version>
				<item>
					<m_iId>1</m_iId>
					<m_strName>White spot on</m_strName>
					<m_bIsDefaultCommand>0</m_bIsDefaultCommand>
					<m_iPin>1</m_iPin>
					<m_bHigh>1</m_bHigh>
					<m_iDuration>0</m_iDuration>
				</item>
				<item>
					<m_iId>0</m_iId>
					<m_strName>White spot off</m_strName>
					<m_bIsDefaultCommand>1</m_bIsDefaultCommand>
					<m_iPin>1</m_iPin>
					<m_bHigh>0</m_bHigh>
					<m_iDuration>0</m_iDuration>
				</item>
				<item>
					<m_iId>3</m_iId>
					<m_strName>Yellow light on</m_strName>
					<m_bIsDefaultCommand>0</m_bIsDefaultCommand>
					<m_iPin>2</m_iPin>
					<m_bHigh>1</m_bHigh>
					<m_iDuration>0</m_iDuration>
				</item>
				<item>
					<m_iId>2</m_iId>
					<m_strName>Yellow light off</m_strName>
					<m_bIsDefaultCommand>1</m_bIsDefaultCommand>
					<m_iPin>2</m_iPin>
					<m_bHigh>0</m_bHigh>
					<m_iDuration>0</m_iDuration>
				</item>
				<item>
					<m_iId>5</m_iId>
					<m_strName>Sound on</m_strName>
					<m_bIsDefaultCommand>0</m_bIsDefaultCommand>
					<m_iPin>3</m_iPin>
					<m_bHigh>1</m_bHigh>
					<m_iDuration>0</m_iDuration>
				</item>
				<item>
					<m_iId>4</m_iId>
					<m_strName>Sound off</m_strName>
					<m_bIsDefaultCommand>1</m_bIsDefaultCommand>
					<m_iPin>3</m_iPin>
					<m_bHigh>0</m_bHigh>
					<m_iDuration>0</m_iDuration>
				</item>
				<item>
					<m_iId>7</m_iId>
					<m_strName>Vol-1 on</m_strName>
					<m_bIsDefaultCommand>0</m_bIsDefaultCommand>
					<m_iPin>4</m_iPin>
					<m_bHigh>1</m_bHigh>
					<m_iDuration>0</m_iDuration>
				</item>
				<item>
					<m_iId>6</m_iId>
					<m_strName>Vol-1 off</m_strName>
					<m_bIsDefaultCommand>1</m_bIsDefaultCommand>
					<m_iPin>4</m_iPin>
					<m_bHigh>0</m_bHigh>
					<m_iDuration>0</m_iDuration>
				</item>
				<item>
					<m_iId>9</m_iId>
					<m_strName>Vol-2 on</m_strName>
					<m_bIsDefaultCommand>0</m_bIsDefaultCommand>
					<m_iPin>5</m_iPin>
					<m_bHigh>1</m_bHigh>
					<m_iDuration>0</m_iDuration>
				</item>
				<item>
					<m_iId>8</m_iId>
					<m_strName>Vol-2 off</m_strName>
					<m_bIsDefaultCommand>1</m_bIsDefaultCommand>
					<m_iPin>5</m_iPin>
					<m_bHigh>0</m_bHigh>
					<m_iDuration>0</m_iDuration>
				</item>
				<item>
					<m_iId>11</m_iId>
					<m_strName>Fsel-1 on</m_strName>
					<m_bIsDefaultCommand>0</m_bIsDefaultCommand>
					<m_iPin>6</m_iPin>
					<m_bHigh>1</m_bHigh>
					<m_iDuration>0</m_iDuration>
				</item>
				<item>
					<m_iId>10</m_iId>
					<m_strName>Fsel-1 off</m_strName>
					<m_bIsDefaultCommand>1</m_bIsDefaultCommand>
					<m_iPin>6</m_iPin>
					<m_bHigh>0</m_bHigh>
					<m_iDuration>0</m_iDuration>
				</item>
				<item>
					<m_iId>13</m_iId>
					<m_strName>Fsel-2 on</m_strName>
					<m_bIsDefaultCommand>0</m_bIsDefaultCommand>
					<m_iPin>7</m_iPin>
					<m_bHigh>1</m_bHigh>
					<m_iDuration>0</m_iDuration>
				</item>
				<item>
					<m_iId>12</m_iId>
					<m_strName>Fsel-2 off</m_strName>
					<m_bIsDefaultCommand>1</m_bIsDefaultCommand>
					<m_iPin>7</m_iPin>
					<m_bHigh>0</m_bHigh>
					<m_iDuration>0</m_iDuration>
				</item>
			</m_vecCommand>
			<m_vecSignal>
				<count>7</count>
				<item_version>0</item_version>
				<item>
					<m_iId>0</m_iId>
					<m_strName>Is white spot on</m_strName>
					<m_eSignalSource>1</m_eSignalSource>
					<m_eSignalHwType>0</m_eSignalHwType>
					<m_iPin>1</m_iPin>
					<m_iNrBytes>0</m_iNrBytes>
					<m_iIndexFirstByte>-1</m_iIndexFirstByte>
					<m_iIndexLastByte>-1</m_iIndexLastByte>
					<m_eStateEventType>1</m_eStateEventType>
					<m_bHighInit>1</m_bHighInit>
					<m_bTotalsSinceLastCall>0</m_bTotalsSinceLastCall>
					<m_eValueType>0</m_eValueType>
					<m_bHasValueDefault>1</m_bHasValueDefault>
					<m_eTypeValueDefault>0</m_eTypeValueDefault>
					<m_bValueDefault>0</m_bValueDefault>
					<m_lValueDefault>0</m_lValueDefault>
					<m_dbValueDefault>0.00000000000000000e+000</m_dbValueDefault>
				</item>
				<item>
					<m_iId>1</m_iId>
					<m_strName>Is yellow light on</m_strName>
					<m_eSignalSource>1</m_eSignalSource>
					<m_eSignalHwType>0</m_eSignalHwType>
					<m_iPin>2</m_iPin>
					<m_iNrBytes>0</m_iNrBytes>
					<m_iIndexFirstByte>-1</m_iIndexFirstByte>
					<m_iIndexLastByte>-1</m_iIndexLastByte>
					<m_eStateEventType>1</m_eStateEventType>
					<m_bHighInit>1</m_bHighInit>
					<m_bTotalsSinceLastCall>0</m_bTotalsSinceLastCall>
					<m_eValueType>0</m_eValueType>
					<m_bHasValueDefault>1</m_bHasValueDefault>
					<m_eTypeValueDefault>0</m_eTypeValueDefault>
					<m_bValueDefault>0</m_bValueDefault>
					<m_lValueDefault>0</m_lValueDefault>
					<m_dbValueDefault>0.00000000000000000e+000</m_dbValueDefault>
				</item>
				<item>
					<m_iId>2</m_iId>
					<m_strName>Is sound on</m_strName>
					<m_eSignalSource>1</m_eSignalSource>
					<m_eSignalHwType>0</m_eSignalHwType>
					<m_iPin>3</m_iPin>
					<m_iNrBytes>0</m_iNrBytes>
					<m_iIndexFirstByte>-1</m_iIndexFirstByte>
					<m_iIndexLastByte>-1</m_iIndexLastByte>
					<m_eStateEventType>1</m_eStateEventType>
					<m_bHighInit>1</m_bHighInit>
					<m_bTotalsSinceLastCall>0</m_bTotalsSinceLastCall>
					<m_eValueType>0</m_eValueType>
					<m_bHasValueDefault>1</m_bHasValueDefault>
					<m_eTypeValueDefault>0</m_eTypeValueDefault>
					<m_bValueDefault>0</m_bValueDefault>
					<m_lValueDefault>0</m_lValueDefault>
					<m_dbValueDefault>0.00000000000000000e+000</m_dbValueDefault>
				</item>
				<item>
					<m_iId>3</m_iId>
					<m_strName>Is vol-1 on</m_strName>
					<m_eSignalSource>1</m_eSignalSource>
					<m_eSignalHwType>0</m_eSignalHwType>
					<m_iPin>4</m_iPin>
					<m_iNrBytes>0</m_iNrBytes>
					<m_iIndexFirstByte>-1</m_iIndexFirstByte>
					<m_iIndexLastByte>-1</m_iIndexLastByte>
					<m_eStateEventType>1</m_eStateEventType>
					<m_bHighInit>1</m_bHighInit>
					<m_bTotalsSinceLastCall>0</m_bTotalsSinceLastCall>
					<m_eValueType>0</m_eValueType>
					<m_bHasValueDefault>1</m_bHasValueDefault>
					<m_eTypeValueDefault>0</m_eTypeValueDefault>
					<m_bValueDefault>0</m_bValueDefault>
					<m_lValueDefault>0</m_lValueDefault>
					<m_dbValueDefault>0.00000000000000000e+000</m_dbValueDefault>
				</item>
				<item>
					<m_iId>4</m_iId>
					<m_strName>Is vol-2 on</m_strName>
					<m_eSignalSource>1</m_eSignalSource>
					<m_eSignalHwType>0</m_eSignalHwType>
					<m_iPin>5</m_iPin>
					<m_iNrBytes>0</m_iNrBytes>
					<m_iIndexFirstByte>-1</m_iIndexFirstByte>
					<m_iIndexLastByte>-1</m_iIndexLastByte>
					<m_eStateEventType>1</m_eStateEventType>
					<m_bHighInit>1</m_bHighInit>
					<m_bTotalsSinceLastCall>0</m_bTotalsSinceLastCall>
					<m_eValueType>0</m_eValueType>
					<m_bHasValueDefault>1</m_bHasValueDefault>
					<m_eTypeValueDefault>0</m_eTypeValueDefault>
					<m_bValueDefault>0</m_bValueDefault>
					<m_lValueDefault>0</m_lValueDefault>
					<m_dbValueDefault>0.00000000000000000e+000</m_dbValueDefault>
				</item>
				<item>
					<m_iId>5</m_iId>
					<m_strName>Is fsel-1 on</m_strName>
					<m_eSignalSource>1</m_eSignalSource>
					<m_eSignalHwType>0</m_eSignalHwType>
					<m_iPin>6</m_iPin>
					<m_iNrBytes>0</m_iNrBytes>
					<m_iIndexFirstByte>-1</m_iIndexFirstByte>
					<m_iIndexLastByte>-1</m_iIndexLastByte>
					<m_eStateEventType>1</m_eStateEventType>
					<m_bHighInit>1</m_bHighInit>
					<m_bTotalsSinceLastCall>0</m_bTotalsSinceLastCall>
					<m_eValueType>0</m_eValueType>
					<m_bHasValueDefault>1</m_bHasValueDefault>
					<m_eTypeValueDefault>0</m_eTypeValueDefault>
					<m_bValueDefault>0</m_bValueDefault>
					<m_lValueDefault>0</m_lValueDefault>
					<m_dbValueDefault>0.00000000000000000e+000</m_dbValueDefault>
				</item>
				<item>
					<m_iId>6</m_iId>
					<m_strName>Is fsel-2 on</m_strName>
					<m_eSignalSource>1</m_eSignalSource>
					<m_eSignalHwType>0</m_eSignalHwType>
					<m_iPin>7</m_iPin>
					<m_iNrBytes>0</m_iNrBytes>
					<m_iIndexFirstByte>-1</m_iIndexFirstByte>
					<m_iIndexLastByte>-1</m_iIndexLastByte>
					<m_eStateEventType>1</m_eStateEventType>
					<m_bHighInit>1</m_bHighInit>
					<m_bTotalsSinceLastCall>0</m_bTotalsSinceLastCall>
					<m_eValueType>0</m_eValueType>
					<m_bHasValueDefault>1</m_bHasValueDefault>
					<m_eTypeValueDefault>0</m_eTypeValueDefault>
					<m_bValueDefault>0</m_bValueDefault>
					<m_lValueDefault>0</m_lValueDefault>
					<m_dbValueDefault>0.00000000000000000e+000</m_dbValueDefault>
				</item>
			</m_vecSignal>
		</item>
	</m_vecDeviceType>
</DeviceTypesNoldus>
</boost_serialization>

