<?xml version="1.0" encoding="UTF-8" standalone="yes" ?>
<!DOCTYPE boost_serialization>
<boost_serialization signature="serialization::archive" version="17">
<HardwareSetup class_id="0" tracking_level="0" version="0">
	<m_vecConfigDataIOBox class_id="1" tracking_level="0" version="0">
		<count>1</count>
		<item_version>0</item_version>
		<item class_id="2" tracking_level="0" version="0">
			<m_iIOBoxId>1</m_iIOBoxId>
			<m_eIOBoxType>0</m_eIOBoxType>
			<m_vecConfigDataPortDevice class_id="3" tracking_level="0" version="0">
				<count>6</count>
				<item_version>0</item_version>
				<item class_id="4" tracking_level="0" version="0">
					<m_iPortId>1</m_iPortId>
					<m_iConnectorPortId>-1</m_iConnectorPortId>
					<m_iDeviceTypeId>5</m_iDeviceTypeId>
					<m_iDeviceId>6</m_iDeviceId>
					<m_strDeviceName>MCU1</m_strDeviceName>
				</item>
				<item>
					<m_iPortId>2</m_iPortId>
					<m_iConnectorPortId>-1</m_iConnectorPortId>
					<m_iDeviceTypeId>5</m_iDeviceTypeId>
					<m_iDeviceId>7</m_iDeviceId>
					<m_strDeviceName>MCU2</m_strDeviceName>
				</item>
				<item>
					<m_iPortId>3</m_iPortId>
					<m_iConnectorPortId>-1</m_iConnectorPortId>
					<m_iDeviceTypeId>5</m_iDeviceTypeId>
					<m_iDeviceId>8</m_iDeviceId>
					<m_strDeviceName>MCU3</m_strDeviceName>
				</item>
				<item>
					<m_iPortId>4</m_iPortId>
					<m_iConnectorPortId>-1</m_iConnectorPortId>
					<m_iDeviceTypeId>5</m_iDeviceTypeId>
					<m_iDeviceId>9</m_iDeviceId>
					<m_strDeviceName>MCU4</m_strDeviceName>
				</item>
				<item>
					<m_iPortId>5</m_iPortId>
					<m_iConnectorPortId>-1</m_iConnectorPortId>
					<m_iDeviceTypeId>5</m_iDeviceTypeId>
					<m_iDeviceId>10</m_iDeviceId>
					<m_strDeviceName>MCU5</m_strDeviceName>
				</item>
				<item>
					<m_iPortId>12</m_iPortId>
					<m_iConnectorPortId>-1</m_iConnectorPortId>
					<m_iDeviceTypeId>5</m_iDeviceTypeId>
					<m_iDeviceId>11</m_iDeviceId>
					<m_strDeviceName>Inscopix nVoke box</m_strDeviceName>
				</item>
			</m_vecConfigDataPortDevice>
		</item>
	</m_vecConfigDataIOBox>
</HardwareSetup>
</boost_serialization>
