<?xml version="1.0" encoding="UTF-8" standalone="yes" ?>
<!DOCTYPE boost_serialization>
<boost_serialization signature="serialization::archive" version="9">
<HardwareSetup class_id="0" tracking_level="0" version="0">
	<m_vecConfigDataIOBox class_id="1" tracking_level="0" version="0">
		<count>1</count>
		<item_version>0</item_version>
		<item class_id="2" tracking_level="0" version="0">
			<m_iIOBoxId>-1</m_iIOBoxId>
			<m_eIOBoxType>0</m_eIOBoxType>
			<m_vecConfigDataPortDevice class_id="3" tracking_level="0" version="0">
				<count>0</count>
				<item_version>0</item_version>
			</m_vecConfigDataPortDevice>
		</item>
	</m_vecConfigDataIOBox>
</HardwareSetup>
</boost_serialization>

