<?xml version="1.0" encoding="UTF-8" standalone="yes" ?>
<!DOCTYPE boost_serialization>
<boost_serialization signature="serialization::archive" version="15">
<DeviceTypesNoldus class_id="0" tracking_level="0" version="0">
	<m_vecConnectorType class_id="1" tracking_level="0" version="0">
		<count>0</count>
		<item_version>0</item_version>
	</m_vecConnectorType>
	<m_vecDeviceType class_id="2" tracking_level="0" version="0">
		<count>4</count>
		<item_version>2</item_version>
		<item class_id="3" tracking_level="0" version="2">
			<m_idDeviceType>7</m_idDeviceType>
			<m_strDeviceTypeName>DanioVision White Light</m_strDeviceTypeName>
			<m_dMaxFrequency>0.00000000000000000e+00</m_dMaxFrequency>
			<m_ePortType>1</m_ePortType>
			<m_idConnectorType>-1</m_idConnectorType>
			<m_bUsableForDV>1</m_bUsableForDV>
			<m_bUsableForMiniIobox>1</m_bUsableForMiniIobox>
			<m_vecCommand class_id="4" tracking_level="0" version="0">
				<count>37</count>
				<item_version>2</item_version>
				<item class_id="5" tracking_level="0" version="2">
					<m_iId>0</m_iId>
					<m_strName>On 100%</m_strName>
					<m_bIsDefaultCommand>0</m_bIsDefaultCommand>
					<m_iPin>-1</m_iPin>
					<m_bHigh>0</m_bHigh>
					<m_iDuration>0</m_iDuration>
					<m_bUseDVSDILed>1</m_bUseDVSDILed>
					<m_vCommandArguments class_id="6" tracking_level="0" version="0">
						<count>0</count>
						<item_version>0</item_version>
					</m_vCommandArguments>
					<m_iDVSDILedDuration>0</m_iDVSDILedDuration>
					<m_eDVSDILedType>0</m_eDVSDILedType>
					<m_dDVSDILedPctLevelBegin>0.00000000000000000e+00</m_dDVSDILedPctLevelBegin>
					<m_dDVSDILedPctLevelEnd>1.00000000000000000e+02</m_dDVSDILedPctLevelEnd>
				</item>
				<item>
					<m_iId>1</m_iId>
					<m_strName>On 0-100% in 1 sec</m_strName>
					<m_bIsDefaultCommand>0</m_bIsDefaultCommand>
					<m_iPin>-1</m_iPin>
					<m_bHigh>0</m_bHigh>
					<m_iDuration>0</m_iDuration>
					<m_bUseDVSDILed>1</m_bUseDVSDILed>
					<m_vCommandArguments>
						<count>0</count>
						<item_version>0</item_version>
					</m_vCommandArguments>
					<m_iDVSDILedDuration>1000</m_iDVSDILedDuration>
					<m_eDVSDILedType>0</m_eDVSDILedType>
					<m_dDVSDILedPctLevelBegin>0.00000000000000000e+00</m_dDVSDILedPctLevelBegin>
					<m_dDVSDILedPctLevelEnd>1.00000000000000000e+02</m_dDVSDILedPctLevelEnd>
				</item>
				<item>
					<m_iId>2</m_iId>
					<m_strName>On 0-100% in 5 sec</m_strName>
					<m_bIsDefaultCommand>0</m_bIsDefaultCommand>
					<m_iPin>-1</m_iPin>
					<m_bHigh>0</m_bHigh>
					<m_iDuration>0</m_iDuration>
					<m_bUseDVSDILed>1</m_bUseDVSDILed>
					<m_vCommandArguments>
						<count>0</count>
						<item_version>0</item_version>
					</m_vCommandArguments>
					<m_iDVSDILedDuration>5000</m_iDVSDILedDuration>
					<m_eDVSDILedType>0</m_eDVSDILedType>
					<m_dDVSDILedPctLevelBegin>0.00000000000000000e+00</m_dDVSDILedPctLevelBegin>
					<m_dDVSDILedPctLevelEnd>1.00000000000000000e+02</m_dDVSDILedPctLevelEnd>
				</item>
				<item>
					<m_iId>3</m_iId>
					<m_strName>On 0-100% in 10 sec</m_strName>
					<m_bIsDefaultCommand>0</m_bIsDefaultCommand>
					<m_iPin>-1</m_iPin>
					<m_bHigh>0</m_bHigh>
					<m_iDuration>0</m_iDuration>
					<m_bUseDVSDILed>1</m_bUseDVSDILed>
					<m_vCommandArguments>
						<count>0</count>
						<item_version>0</item_version>
					</m_vCommandArguments>
					<m_iDVSDILedDuration>10000</m_iDVSDILedDuration>
					<m_eDVSDILedType>0</m_eDVSDILedType>
					<m_dDVSDILedPctLevelBegin>0.00000000000000000e+00</m_dDVSDILedPctLevelBegin>
					<m_dDVSDILedPctLevelEnd>1.00000000000000000e+02</m_dDVSDILedPctLevelEnd>
				</item>
				<item>
					<m_iId>4</m_iId>
					<m_strName>On 0-100% in 1 min</m_strName>
					<m_bIsDefaultCommand>0</m_bIsDefaultCommand>
					<m_iPin>-1</m_iPin>
					<m_bHigh>0</m_bHigh>
					<m_iDuration>0</m_iDuration>
					<m_bUseDVSDILed>1</m_bUseDVSDILed>
					<m_vCommandArguments>
						<count>0</count>
						<item_version>0</item_version>
					</m_vCommandArguments>
					<m_iDVSDILedDuration>60000</m_iDVSDILedDuration>
					<m_eDVSDILedType>0</m_eDVSDILedType>
					<m_dDVSDILedPctLevelBegin>0.00000000000000000e+00</m_dDVSDILedPctLevelBegin>
					<m_dDVSDILedPctLevelEnd>1.00000000000000000e+02</m_dDVSDILedPctLevelEnd>
				</item>
				<item>
					<m_iId>5</m_iId>
					<m_strName>On 75%</m_strName>
					<m_bIsDefaultCommand>0</m_bIsDefaultCommand>
					<m_iPin>-1</m_iPin>
					<m_bHigh>0</m_bHigh>
					<m_iDuration>0</m_iDuration>
					<m_bUseDVSDILed>1</m_bUseDVSDILed>
					<m_vCommandArguments>
						<count>0</count>
						<item_version>0</item_version>
					</m_vCommandArguments>
					<m_iDVSDILedDuration>0</m_iDVSDILedDuration>
					<m_eDVSDILedType>0</m_eDVSDILedType>
					<m_dDVSDILedPctLevelBegin>0.00000000000000000e+00</m_dDVSDILedPctLevelBegin>
					<m_dDVSDILedPctLevelEnd>7.50000000000000000e+01</m_dDVSDILedPctLevelEnd>
				</item>
				<item>
					<m_iId>6</m_iId>
					<m_strName>On 0-75% in 1 sec</m_strName>
					<m_bIsDefaultCommand>0</m_bIsDefaultCommand>
					<m_iPin>-1</m_iPin>
					<m_bHigh>0</m_bHigh>
					<m_iDuration>0</m_iDuration>
					<m_bUseDVSDILed>1</m_bUseDVSDILed>
					<m_vCommandArguments>
						<count>0</count>
						<item_version>0</item_version>
					</m_vCommandArguments>
					<m_iDVSDILedDuration>1000</m_iDVSDILedDuration>
					<m_eDVSDILedType>0</m_eDVSDILedType>
					<m_dDVSDILedPctLevelBegin>0.00000000000000000e+00</m_dDVSDILedPctLevelBegin>
					<m_dDVSDILedPctLevelEnd>7.50000000000000000e+01</m_dDVSDILedPctLevelEnd>
				</item>
				<item>
					<m_iId>7</m_iId>
					<m_strName>On 0-75% in 5 sec</m_strName>
					<m_bIsDefaultCommand>0</m_bIsDefaultCommand>
					<m_iPin>-1</m_iPin>
					<m_bHigh>0</m_bHigh>
					<m_iDuration>0</m_iDuration>
					<m_bUseDVSDILed>1</m_bUseDVSDILed>
					<m_vCommandArguments>
						<count>0</count>
						<item_version>0</item_version>
					</m_vCommandArguments>
					<m_iDVSDILedDuration>5000</m_iDVSDILedDuration>
					<m_eDVSDILedType>0</m_eDVSDILedType>
					<m_dDVSDILedPctLevelBegin>0.00000000000000000e+00</m_dDVSDILedPctLevelBegin>
					<m_dDVSDILedPctLevelEnd>7.50000000000000000e+01</m_dDVSDILedPctLevelEnd>
				</item>
				<item>
					<m_iId>8</m_iId>
					<m_strName>On 0-75% in 10 sec</m_strName>
					<m_bIsDefaultCommand>0</m_bIsDefaultCommand>
					<m_iPin>-1</m_iPin>
					<m_bHigh>0</m_bHigh>
					<m_iDuration>0</m_iDuration>
					<m_bUseDVSDILed>1</m_bUseDVSDILed>
					<m_vCommandArguments>
						<count>0</count>
						<item_version>0</item_version>
					</m_vCommandArguments>
					<m_iDVSDILedDuration>10000</m_iDVSDILedDuration>
					<m_eDVSDILedType>0</m_eDVSDILedType>
					<m_dDVSDILedPctLevelBegin>0.00000000000000000e+00</m_dDVSDILedPctLevelBegin>
					<m_dDVSDILedPctLevelEnd>7.50000000000000000e+01</m_dDVSDILedPctLevelEnd>
				</item>
				<item>
					<m_iId>9</m_iId>
					<m_strName>On 0-75% in 1 min</m_strName>
					<m_bIsDefaultCommand>0</m_bIsDefaultCommand>
					<m_iPin>-1</m_iPin>
					<m_bHigh>0</m_bHigh>
					<m_iDuration>0</m_iDuration>
					<m_bUseDVSDILed>1</m_bUseDVSDILed>
					<m_vCommandArguments>
						<count>0</count>
						<item_version>0</item_version>
					</m_vCommandArguments>
					<m_iDVSDILedDuration>60000</m_iDVSDILedDuration>
					<m_eDVSDILedType>0</m_eDVSDILedType>
					<m_dDVSDILedPctLevelBegin>0.00000000000000000e+00</m_dDVSDILedPctLevelBegin>
					<m_dDVSDILedPctLevelEnd>7.50000000000000000e+01</m_dDVSDILedPctLevelEnd>
				</item>
				<item>
					<m_iId>10</m_iId>
					<m_strName>On 50%</m_strName>
					<m_bIsDefaultCommand>0</m_bIsDefaultCommand>
					<m_iPin>-1</m_iPin>
					<m_bHigh>0</m_bHigh>
					<m_iDuration>0</m_iDuration>
					<m_bUseDVSDILed>1</m_bUseDVSDILed>
					<m_vCommandArguments>
						<count>0</count>
						<item_version>0</item_version>
					</m_vCommandArguments>
					<m_iDVSDILedDuration>0</m_iDVSDILedDuration>
					<m_eDVSDILedType>0</m_eDVSDILedType>
					<m_dDVSDILedPctLevelBegin>0.00000000000000000e+00</m_dDVSDILedPctLevelBegin>
					<m_dDVSDILedPctLevelEnd>5.00000000000000000e+01</m_dDVSDILedPctLevelEnd>
				</item>
				<item>
					<m_iId>11</m_iId>
					<m_strName>On 0-50% in 1 sec</m_strName>
					<m_bIsDefaultCommand>0</m_bIsDefaultCommand>
					<m_iPin>-1</m_iPin>
					<m_bHigh>0</m_bHigh>
					<m_iDuration>0</m_iDuration>
					<m_bUseDVSDILed>1</m_bUseDVSDILed>
					<m_vCommandArguments>
						<count>0</count>
						<item_version>0</item_version>
					</m_vCommandArguments>
					<m_iDVSDILedDuration>1000</m_iDVSDILedDuration>
					<m_eDVSDILedType>0</m_eDVSDILedType>
					<m_dDVSDILedPctLevelBegin>0.00000000000000000e+00</m_dDVSDILedPctLevelBegin>
					<m_dDVSDILedPctLevelEnd>5.00000000000000000e+01</m_dDVSDILedPctLevelEnd>
				</item>
				<item>
					<m_iId>12</m_iId>
					<m_strName>On 0-50% in 5 sec</m_strName>
					<m_bIsDefaultCommand>0</m_bIsDefaultCommand>
					<m_iPin>-1</m_iPin>
					<m_bHigh>0</m_bHigh>
					<m_iDuration>0</m_iDuration>
					<m_bUseDVSDILed>1</m_bUseDVSDILed>
					<m_vCommandArguments>
						<count>0</count>
						<item_version>0</item_version>
					</m_vCommandArguments>
					<m_iDVSDILedDuration>5000</m_iDVSDILedDuration>
					<m_eDVSDILedType>0</m_eDVSDILedType>
					<m_dDVSDILedPctLevelBegin>0.00000000000000000e+00</m_dDVSDILedPctLevelBegin>
					<m_dDVSDILedPctLevelEnd>5.00000000000000000e+01</m_dDVSDILedPctLevelEnd>
				</item>
				<item>
					<m_iId>13</m_iId>
					<m_strName>On 0-50% in 10 sec</m_strName>
					<m_bIsDefaultCommand>0</m_bIsDefaultCommand>
					<m_iPin>-1</m_iPin>
					<m_bHigh>0</m_bHigh>
					<m_iDuration>0</m_iDuration>
					<m_bUseDVSDILed>1</m_bUseDVSDILed>
					<m_vCommandArguments>
						<count>0</count>
						<item_version>0</item_version>
					</m_vCommandArguments>
					<m_iDVSDILedDuration>10000</m_iDVSDILedDuration>
					<m_eDVSDILedType>0</m_eDVSDILedType>
					<m_dDVSDILedPctLevelBegin>0.00000000000000000e+00</m_dDVSDILedPctLevelBegin>
					<m_dDVSDILedPctLevelEnd>5.00000000000000000e+01</m_dDVSDILedPctLevelEnd>
				</item>
				<item>
					<m_iId>14</m_iId>
					<m_strName>On 0-50% in 1 min</m_strName>
					<m_bIsDefaultCommand>0</m_bIsDefaultCommand>
					<m_iPin>-1</m_iPin>
					<m_bHigh>0</m_bHigh>
					<m_iDuration>0</m_iDuration>
					<m_bUseDVSDILed>1</m_bUseDVSDILed>
					<m_vCommandArguments>
						<count>0</count>
						<item_version>0</item_version>
					</m_vCommandArguments>
					<m_iDVSDILedDuration>60000</m_iDVSDILedDuration>
					<m_eDVSDILedType>0</m_eDVSDILedType>
					<m_dDVSDILedPctLevelBegin>0.00000000000000000e+00</m_dDVSDILedPctLevelBegin>
					<m_dDVSDILedPctLevelEnd>5.00000000000000000e+01</m_dDVSDILedPctLevelEnd>
				</item>
				<item>
					<m_iId>15</m_iId>
					<m_strName>On 25%</m_strName>
					<m_bIsDefaultCommand>0</m_bIsDefaultCommand>
					<m_iPin>-1</m_iPin>
					<m_bHigh>0</m_bHigh>
					<m_iDuration>0</m_iDuration>
					<m_bUseDVSDILed>1</m_bUseDVSDILed>
					<m_vCommandArguments>
						<count>0</count>
						<item_version>0</item_version>
					</m_vCommandArguments>
					<m_iDVSDILedDuration>0</m_iDVSDILedDuration>
					<m_eDVSDILedType>0</m_eDVSDILedType>
					<m_dDVSDILedPctLevelBegin>0.00000000000000000e+00</m_dDVSDILedPctLevelBegin>
					<m_dDVSDILedPctLevelEnd>2.50000000000000000e+01</m_dDVSDILedPctLevelEnd>
				</item>
				<item>
					<m_iId>16</m_iId>
					<m_strName>On 0-25% in 1 sec</m_strName>
					<m_bIsDefaultCommand>0</m_bIsDefaultCommand>
					<m_iPin>-1</m_iPin>
					<m_bHigh>0</m_bHigh>
					<m_iDuration>0</m_iDuration>
					<m_bUseDVSDILed>1</m_bUseDVSDILed>
					<m_vCommandArguments>
						<count>0</count>
						<item_version>0</item_version>
					</m_vCommandArguments>
					<m_iDVSDILedDuration>1000</m_iDVSDILedDuration>
					<m_eDVSDILedType>0</m_eDVSDILedType>
					<m_dDVSDILedPctLevelBegin>0.00000000000000000e+00</m_dDVSDILedPctLevelBegin>
					<m_dDVSDILedPctLevelEnd>2.50000000000000000e+01</m_dDVSDILedPctLevelEnd>
				</item>
				<item>
					<m_iId>17</m_iId>
					<m_strName>On 0-25% in 5 sec</m_strName>
					<m_bIsDefaultCommand>0</m_bIsDefaultCommand>
					<m_iPin>-1</m_iPin>
					<m_bHigh>0</m_bHigh>
					<m_iDuration>0</m_iDuration>
					<m_bUseDVSDILed>1</m_bUseDVSDILed>
					<m_vCommandArguments>
						<count>0</count>
						<item_version>0</item_version>
					</m_vCommandArguments>
					<m_iDVSDILedDuration>5000</m_iDVSDILedDuration>
					<m_eDVSDILedType>0</m_eDVSDILedType>
					<m_dDVSDILedPctLevelBegin>0.00000000000000000e+00</m_dDVSDILedPctLevelBegin>
					<m_dDVSDILedPctLevelEnd>2.50000000000000000e+01</m_dDVSDILedPctLevelEnd>
				</item>
				<item>
					<m_iId>18</m_iId>
					<m_strName>On 0-25% in 10 sec</m_strName>
					<m_bIsDefaultCommand>0</m_bIsDefaultCommand>
					<m_iPin>-1</m_iPin>
					<m_bHigh>0</m_bHigh>
					<m_iDuration>0</m_iDuration>
					<m_bUseDVSDILed>1</m_bUseDVSDILed>
					<m_vCommandArguments>
						<count>0</count>
						<item_version>0</item_version>
					</m_vCommandArguments>
					<m_iDVSDILedDuration>10000</m_iDVSDILedDuration>
					<m_eDVSDILedType>0</m_eDVSDILedType>
					<m_dDVSDILedPctLevelBegin>0.00000000000000000e+00</m_dDVSDILedPctLevelBegin>
					<m_dDVSDILedPctLevelEnd>2.50000000000000000e+01</m_dDVSDILedPctLevelEnd>
				</item>
				<item>
					<m_iId>19</m_iId>
					<m_strName>On 0-25% in 1 min</m_strName>
					<m_bIsDefaultCommand>0</m_bIsDefaultCommand>
					<m_iPin>-1</m_iPin>
					<m_bHigh>0</m_bHigh>
					<m_iDuration>0</m_iDuration>
					<m_bUseDVSDILed>1</m_bUseDVSDILed>
					<m_vCommandArguments>
						<count>0</count>
						<item_version>0</item_version>
					</m_vCommandArguments>
					<m_iDVSDILedDuration>60000</m_iDVSDILedDuration>
					<m_eDVSDILedType>0</m_eDVSDILedType>
					<m_dDVSDILedPctLevelBegin>0.00000000000000000e+00</m_dDVSDILedPctLevelBegin>
					<m_dDVSDILedPctLevelEnd>2.50000000000000000e+01</m_dDVSDILedPctLevelEnd>
				</item>
				<item>
					<m_iId>20</m_iId>
					<m_strName>Off</m_strName>
					<m_bIsDefaultCommand>0</m_bIsDefaultCommand>
					<m_iPin>-1</m_iPin>
					<m_bHigh>0</m_bHigh>
					<m_iDuration>0</m_iDuration>
					<m_bUseDVSDILed>1</m_bUseDVSDILed>
					<m_vCommandArguments>
						<count>0</count>
						<item_version>0</item_version>
					</m_vCommandArguments>
					<m_iDVSDILedDuration>0</m_iDVSDILedDuration>
					<m_eDVSDILedType>0</m_eDVSDILedType>
					<m_dDVSDILedPctLevelBegin>1.00000000000000000e+02</m_dDVSDILedPctLevelBegin>
					<m_dDVSDILedPctLevelEnd>0.00000000000000000e+00</m_dDVSDILedPctLevelEnd>
				</item>
				<item>
					<m_iId>21</m_iId>
					<m_strName>Off 100-0% in 1 sec</m_strName>
					<m_bIsDefaultCommand>0</m_bIsDefaultCommand>
					<m_iPin>-1</m_iPin>
					<m_bHigh>0</m_bHigh>
					<m_iDuration>0</m_iDuration>
					<m_bUseDVSDILed>1</m_bUseDVSDILed>
					<m_vCommandArguments>
						<count>0</count>
						<item_version>0</item_version>
					</m_vCommandArguments>
					<m_iDVSDILedDuration>1000</m_iDVSDILedDuration>
					<m_eDVSDILedType>0</m_eDVSDILedType>
					<m_dDVSDILedPctLevelBegin>1.00000000000000000e+02</m_dDVSDILedPctLevelBegin>
					<m_dDVSDILedPctLevelEnd>0.00000000000000000e+00</m_dDVSDILedPctLevelEnd>
				</item>
				<item>
					<m_iId>22</m_iId>
					<m_strName>Off 100-0% in 5 sec</m_strName>
					<m_bIsDefaultCommand>0</m_bIsDefaultCommand>
					<m_iPin>-1</m_iPin>
					<m_bHigh>0</m_bHigh>
					<m_iDuration>0</m_iDuration>
					<m_bUseDVSDILed>1</m_bUseDVSDILed>
					<m_vCommandArguments>
						<count>0</count>
						<item_version>0</item_version>
					</m_vCommandArguments>
					<m_iDVSDILedDuration>5000</m_iDVSDILedDuration>
					<m_eDVSDILedType>0</m_eDVSDILedType>
					<m_dDVSDILedPctLevelBegin>1.00000000000000000e+02</m_dDVSDILedPctLevelBegin>
					<m_dDVSDILedPctLevelEnd>0.00000000000000000e+00</m_dDVSDILedPctLevelEnd>
				</item>
				<item>
					<m_iId>23</m_iId>
					<m_strName>Off 100-0% in 10 sec</m_strName>
					<m_bIsDefaultCommand>0</m_bIsDefaultCommand>
					<m_iPin>-1</m_iPin>
					<m_bHigh>0</m_bHigh>
					<m_iDuration>0</m_iDuration>
					<m_bUseDVSDILed>1</m_bUseDVSDILed>
					<m_vCommandArguments>
						<count>0</count>
						<item_version>0</item_version>
					</m_vCommandArguments>
					<m_iDVSDILedDuration>10000</m_iDVSDILedDuration>
					<m_eDVSDILedType>0</m_eDVSDILedType>
					<m_dDVSDILedPctLevelBegin>1.00000000000000000e+02</m_dDVSDILedPctLevelBegin>
					<m_dDVSDILedPctLevelEnd>0.00000000000000000e+00</m_dDVSDILedPctLevelEnd>
				</item>
				<item>
					<m_iId>24</m_iId>
					<m_strName>Off 100-0% in 1 min</m_strName>
					<m_bIsDefaultCommand>0</m_bIsDefaultCommand>
					<m_iPin>-1</m_iPin>
					<m_bHigh>0</m_bHigh>
					<m_iDuration>0</m_iDuration>
					<m_bUseDVSDILed>1</m_bUseDVSDILed>
					<m_vCommandArguments>
						<count>0</count>
						<item_version>0</item_version>
					</m_vCommandArguments>
					<m_iDVSDILedDuration>60000</m_iDVSDILedDuration>
					<m_eDVSDILedType>0</m_eDVSDILedType>
					<m_dDVSDILedPctLevelBegin>1.00000000000000000e+02</m_dDVSDILedPctLevelBegin>
					<m_dDVSDILedPctLevelEnd>0.00000000000000000e+00</m_dDVSDILedPctLevelEnd>
				</item>
				<item>
					<m_iId>25</m_iId>
					<m_strName>Off 75-0% in 1 sec</m_strName>
					<m_bIsDefaultCommand>0</m_bIsDefaultCommand>
					<m_iPin>-1</m_iPin>
					<m_bHigh>0</m_bHigh>
					<m_iDuration>0</m_iDuration>
					<m_bUseDVSDILed>1</m_bUseDVSDILed>
					<m_vCommandArguments>
						<count>0</count>
						<item_version>0</item_version>
					</m_vCommandArguments>
					<m_iDVSDILedDuration>1000</m_iDVSDILedDuration>
					<m_eDVSDILedType>0</m_eDVSDILedType>
					<m_dDVSDILedPctLevelBegin>7.50000000000000000e+01</m_dDVSDILedPctLevelBegin>
					<m_dDVSDILedPctLevelEnd>0.00000000000000000e+00</m_dDVSDILedPctLevelEnd>
				</item>
				<item>
					<m_iId>26</m_iId>
					<m_strName>Off 75-0% in 5 sec</m_strName>
					<m_bIsDefaultCommand>0</m_bIsDefaultCommand>
					<m_iPin>-1</m_iPin>
					<m_bHigh>0</m_bHigh>
					<m_iDuration>0</m_iDuration>
					<m_bUseDVSDILed>1</m_bUseDVSDILed>
					<m_vCommandArguments>
						<count>0</count>
						<item_version>0</item_version>
					</m_vCommandArguments>
					<m_iDVSDILedDuration>5000</m_iDVSDILedDuration>
					<m_eDVSDILedType>0</m_eDVSDILedType>
					<m_dDVSDILedPctLevelBegin>7.50000000000000000e+01</m_dDVSDILedPctLevelBegin>
					<m_dDVSDILedPctLevelEnd>0.00000000000000000e+00</m_dDVSDILedPctLevelEnd>
				</item>
				<item>
					<m_iId>27</m_iId>
					<m_strName>Off 75-0% in 10 sec</m_strName>
					<m_bIsDefaultCommand>0</m_bIsDefaultCommand>
					<m_iPin>-1</m_iPin>
					<m_bHigh>0</m_bHigh>
					<m_iDuration>0</m_iDuration>
					<m_bUseDVSDILed>1</m_bUseDVSDILed>
					<m_vCommandArguments>
						<count>0</count>
						<item_version>0</item_version>
					</m_vCommandArguments>
					<m_iDVSDILedDuration>10000</m_iDVSDILedDuration>
					<m_eDVSDILedType>0</m_eDVSDILedType>
					<m_dDVSDILedPctLevelBegin>7.50000000000000000e+01</m_dDVSDILedPctLevelBegin>
					<m_dDVSDILedPctLevelEnd>0.00000000000000000e+00</m_dDVSDILedPctLevelEnd>
				</item>
				<item>
					<m_iId>28</m_iId>
					<m_strName>Off 75-0% in 1 min</m_strName>
					<m_bIsDefaultCommand>0</m_bIsDefaultCommand>
					<m_iPin>-1</m_iPin>
					<m_bHigh>0</m_bHigh>
					<m_iDuration>0</m_iDuration>
					<m_bUseDVSDILed>1</m_bUseDVSDILed>
					<m_vCommandArguments>
						<count>0</count>
						<item_version>0</item_version>
					</m_vCommandArguments>
					<m_iDVSDILedDuration>60000</m_iDVSDILedDuration>
					<m_eDVSDILedType>0</m_eDVSDILedType>
					<m_dDVSDILedPctLevelBegin>7.50000000000000000e+01</m_dDVSDILedPctLevelBegin>
					<m_dDVSDILedPctLevelEnd>0.00000000000000000e+00</m_dDVSDILedPctLevelEnd>
				</item>
				<item>
					<m_iId>29</m_iId>
					<m_strName>Off 50-0% in 1 sec</m_strName>
					<m_bIsDefaultCommand>0</m_bIsDefaultCommand>
					<m_iPin>-1</m_iPin>
					<m_bHigh>0</m_bHigh>
					<m_iDuration>0</m_iDuration>
					<m_bUseDVSDILed>1</m_bUseDVSDILed>
					<m_vCommandArguments>
						<count>0</count>
						<item_version>0</item_version>
					</m_vCommandArguments>
					<m_iDVSDILedDuration>1000</m_iDVSDILedDuration>
					<m_eDVSDILedType>0</m_eDVSDILedType>
					<m_dDVSDILedPctLevelBegin>5.00000000000000000e+01</m_dDVSDILedPctLevelBegin>
					<m_dDVSDILedPctLevelEnd>0.00000000000000000e+00</m_dDVSDILedPctLevelEnd>
				</item>
				<item>
					<m_iId>30</m_iId>
					<m_strName>Off 50-0% in 5 sec</m_strName>
					<m_bIsDefaultCommand>0</m_bIsDefaultCommand>
					<m_iPin>-1</m_iPin>
					<m_bHigh>0</m_bHigh>
					<m_iDuration>0</m_iDuration>
					<m_bUseDVSDILed>1</m_bUseDVSDILed>
					<m_vCommandArguments>
						<count>0</count>
						<item_version>0</item_version>
					</m_vCommandArguments>
					<m_iDVSDILedDuration>5000</m_iDVSDILedDuration>
					<m_eDVSDILedType>0</m_eDVSDILedType>
					<m_dDVSDILedPctLevelBegin>5.00000000000000000e+01</m_dDVSDILedPctLevelBegin>
					<m_dDVSDILedPctLevelEnd>0.00000000000000000e+00</m_dDVSDILedPctLevelEnd>
				</item>
				<item>
					<m_iId>31</m_iId>
					<m_strName>Off 50-0% in 10 sec</m_strName>
					<m_bIsDefaultCommand>0</m_bIsDefaultCommand>
					<m_iPin>-1</m_iPin>
					<m_bHigh>0</m_bHigh>
					<m_iDuration>0</m_iDuration>
					<m_bUseDVSDILed>1</m_bUseDVSDILed>
					<m_vCommandArguments>
						<count>0</count>
						<item_version>0</item_version>
					</m_vCommandArguments>
					<m_iDVSDILedDuration>10000</m_iDVSDILedDuration>
					<m_eDVSDILedType>0</m_eDVSDILedType>
					<m_dDVSDILedPctLevelBegin>5.00000000000000000e+01</m_dDVSDILedPctLevelBegin>
					<m_dDVSDILedPctLevelEnd>0.00000000000000000e+00</m_dDVSDILedPctLevelEnd>
				</item>
				<item>
					<m_iId>32</m_iId>
					<m_strName>Off 50-0% in 1 min</m_strName>
					<m_bIsDefaultCommand>0</m_bIsDefaultCommand>
					<m_iPin>-1</m_iPin>
					<m_bHigh>0</m_bHigh>
					<m_iDuration>0</m_iDuration>
					<m_bUseDVSDILed>1</m_bUseDVSDILed>
					<m_vCommandArguments>
						<count>0</count>
						<item_version>0</item_version>
					</m_vCommandArguments>
					<m_iDVSDILedDuration>60000</m_iDVSDILedDuration>
					<m_eDVSDILedType>0</m_eDVSDILedType>
					<m_dDVSDILedPctLevelBegin>5.00000000000000000e+01</m_dDVSDILedPctLevelBegin>
					<m_dDVSDILedPctLevelEnd>0.00000000000000000e+00</m_dDVSDILedPctLevelEnd>
				</item>
				<item>
					<m_iId>33</m_iId>
					<m_strName>Off 25-0% in 1 sec</m_strName>
					<m_bIsDefaultCommand>0</m_bIsDefaultCommand>
					<m_iPin>-1</m_iPin>
					<m_bHigh>0</m_bHigh>
					<m_iDuration>0</m_iDuration>
					<m_bUseDVSDILed>1</m_bUseDVSDILed>
					<m_vCommandArguments>
						<count>0</count>
						<item_version>0</item_version>
					</m_vCommandArguments>
					<m_iDVSDILedDuration>1000</m_iDVSDILedDuration>
					<m_eDVSDILedType>0</m_eDVSDILedType>
					<m_dDVSDILedPctLevelBegin>2.50000000000000000e+01</m_dDVSDILedPctLevelBegin>
					<m_dDVSDILedPctLevelEnd>0.00000000000000000e+00</m_dDVSDILedPctLevelEnd>
				</item>
				<item>
					<m_iId>34</m_iId>
					<m_strName>Off 25-0% in 5 sec</m_strName>
					<m_bIsDefaultCommand>0</m_bIsDefaultCommand>
					<m_iPin>-1</m_iPin>
					<m_bHigh>0</m_bHigh>
					<m_iDuration>0</m_iDuration>
					<m_bUseDVSDILed>1</m_bUseDVSDILed>
					<m_vCommandArguments>
						<count>0</count>
						<item_version>0</item_version>
					</m_vCommandArguments>
					<m_iDVSDILedDuration>5000</m_iDVSDILedDuration>
					<m_eDVSDILedType>0</m_eDVSDILedType>
					<m_dDVSDILedPctLevelBegin>2.50000000000000000e+01</m_dDVSDILedPctLevelBegin>
					<m_dDVSDILedPctLevelEnd>0.00000000000000000e+00</m_dDVSDILedPctLevelEnd>
				</item>
				<item>
					<m_iId>35</m_iId>
					<m_strName>Off 25-0% in 10 sec</m_strName>
					<m_bIsDefaultCommand>0</m_bIsDefaultCommand>
					<m_iPin>-1</m_iPin>
					<m_bHigh>0</m_bHigh>
					<m_iDuration>0</m_iDuration>
					<m_bUseDVSDILed>1</m_bUseDVSDILed>
					<m_vCommandArguments>
						<count>0</count>
						<item_version>0</item_version>
					</m_vCommandArguments>
					<m_iDVSDILedDuration>10000</m_iDVSDILedDuration>
					<m_eDVSDILedType>0</m_eDVSDILedType>
					<m_dDVSDILedPctLevelBegin>2.50000000000000000e+01</m_dDVSDILedPctLevelBegin>
					<m_dDVSDILedPctLevelEnd>0.00000000000000000e+00</m_dDVSDILedPctLevelEnd>
				</item>
				<item>
					<m_iId>36</m_iId>
					<m_strName>Off 25-0% in 1 min</m_strName>
					<m_bIsDefaultCommand>0</m_bIsDefaultCommand>
					<m_iPin>-1</m_iPin>
					<m_bHigh>0</m_bHigh>
					<m_iDuration>0</m_iDuration>
					<m_bUseDVSDILed>1</m_bUseDVSDILed>
					<m_vCommandArguments>
						<count>0</count>
						<item_version>0</item_version>
					</m_vCommandArguments>
					<m_iDVSDILedDuration>60000</m_iDVSDILedDuration>
					<m_eDVSDILedType>0</m_eDVSDILedType>
					<m_dDVSDILedPctLevelBegin>2.50000000000000000e+01</m_dDVSDILedPctLevelBegin>
					<m_dDVSDILedPctLevelEnd>0.00000000000000000e+00</m_dDVSDILedPctLevelEnd>
				</item>
			</m_vecCommand>
			<m_vecSignal class_id="7" tracking_level="0" version="0">
				<count>0</count>
				<item_version>1</item_version>
			</m_vecSignal>
			<m_vecCalibValue class_id="8" tracking_level="0" version="0">
				<count>0</count>
				<item_version>0</item_version>
			</m_vecCalibValue>
		</item>
		<item>
			<m_idDeviceType>8</m_idDeviceType>
			<m_strDeviceTypeName>Custom Hardware On/Off</m_strDeviceTypeName>
			<m_dMaxFrequency>0.00000000000000000e+00</m_dMaxFrequency>
			<m_ePortType>2</m_ePortType>
			<m_idConnectorType>-1</m_idConnectorType>
			<m_bUsableForDV>1</m_bUsableForDV>
			<m_bUsableForMiniIobox>1</m_bUsableForMiniIobox>
			<m_vecCommand>
				<count>2</count>
				<item_version>2</item_version>
				<item>
					<m_iId>1</m_iId>
					<m_strName>Output High</m_strName>
					<m_bIsDefaultCommand>0</m_bIsDefaultCommand>
					<m_iPin>1</m_iPin>
					<m_bHigh>1</m_bHigh>
					<m_iDuration>0</m_iDuration>
					<m_bUseDVSDILed>0</m_bUseDVSDILed>
					<m_vCommandArguments>
						<count>0</count>
						<item_version>0</item_version>
					</m_vCommandArguments>
					<m_iDVSDILedDuration>0</m_iDVSDILedDuration>
					<m_eDVSDILedType>-1</m_eDVSDILedType>
					<m_dDVSDILedPctLevelBegin>0.00000000000000000e+00</m_dDVSDILedPctLevelBegin>
					<m_dDVSDILedPctLevelEnd>0.00000000000000000e+00</m_dDVSDILedPctLevelEnd>
				</item>
				<item>
					<m_iId>0</m_iId>
					<m_strName>Output Low</m_strName>
					<m_bIsDefaultCommand>1</m_bIsDefaultCommand>
					<m_iPin>1</m_iPin>
					<m_bHigh>0</m_bHigh>
					<m_iDuration>0</m_iDuration>
					<m_bUseDVSDILed>0</m_bUseDVSDILed>
					<m_vCommandArguments>
						<count>0</count>
						<item_version>0</item_version>
					</m_vCommandArguments>
					<m_iDVSDILedDuration>0</m_iDVSDILedDuration>
					<m_eDVSDILedType>-1</m_eDVSDILedType>
					<m_dDVSDILedPctLevelBegin>0.00000000000000000e+00</m_dDVSDILedPctLevelBegin>
					<m_dDVSDILedPctLevelEnd>0.00000000000000000e+00</m_dDVSDILedPctLevelEnd>
				</item>
			</m_vecCommand>
			<m_vecSignal>
				<count>1</count>
				<item_version>1</item_version>
				<item class_id="9" tracking_level="0" version="1">
					<m_iId>0</m_iId>
					<m_strName>Is output High</m_strName>
					<m_eSignalSource>1</m_eSignalSource>
					<m_eSignalHwType>0</m_eSignalHwType>
					<m_iPin>1</m_iPin>
					<m_iNrBytes>0</m_iNrBytes>
					<m_iIndexFirstByte>-1</m_iIndexFirstByte>
					<m_iIndexLastByte>-1</m_iIndexLastByte>
					<m_eStateEventType>1</m_eStateEventType>
					<m_bHighInit>1</m_bHighInit>
					<m_bTotalsSinceLastCall>0</m_bTotalsSinceLastCall>
					<m_eValueType>0</m_eValueType>
					<m_eSignalCumType>0</m_eSignalCumType>
					<m_iUnitId>-1</m_iUnitId>
					<m_bHasValueDefault>1</m_bHasValueDefault>
					<m_eTypeValueDefault>0</m_eTypeValueDefault>
					<m_bValueDefault>0</m_bValueDefault>
					<m_lValueDefault>0</m_lValueDefault>
					<m_dbValueDefault>0.00000000000000000e+00</m_dbValueDefault>
				</item>
			</m_vecSignal>
			<m_vecCalibValue>
				<count>0</count>
				<item_version>0</item_version>
			</m_vecCalibValue>
		</item>
		<item>
			<m_idDeviceType>9</m_idDeviceType>
			<m_strDeviceTypeName>TTL Port Tester (PTTB-0010)</m_strDeviceTypeName>
			<m_dMaxFrequency>0.00000000000000000e+00</m_dMaxFrequency>
			<m_ePortType>0</m_ePortType>
			<m_idConnectorType>-1</m_idConnectorType>
			<m_bUsableForDV>1</m_bUsableForDV>
			<m_bUsableForMiniIobox>1</m_bUsableForMiniIobox>
			<m_vecCommand>
				<count>4</count>
				<item_version>2</item_version>
				<item>
					<m_iId>1</m_iId>
					<m_strName>Light 1 on</m_strName>
					<m_bIsDefaultCommand>0</m_bIsDefaultCommand>
					<m_iPin>1</m_iPin>
					<m_bHigh>1</m_bHigh>
					<m_iDuration>0</m_iDuration>
					<m_bUseDVSDILed>0</m_bUseDVSDILed>
					<m_vCommandArguments>
						<count>0</count>
						<item_version>0</item_version>
					</m_vCommandArguments>
					<m_iDVSDILedDuration>0</m_iDVSDILedDuration>
					<m_eDVSDILedType>-1</m_eDVSDILedType>
					<m_dDVSDILedPctLevelBegin>0.00000000000000000e+00</m_dDVSDILedPctLevelBegin>
					<m_dDVSDILedPctLevelEnd>0.00000000000000000e+00</m_dDVSDILedPctLevelEnd>
				</item>
				<item>
					<m_iId>0</m_iId>
					<m_strName>Light 1 off</m_strName>
					<m_bIsDefaultCommand>1</m_bIsDefaultCommand>
					<m_iPin>1</m_iPin>
					<m_bHigh>0</m_bHigh>
					<m_iDuration>0</m_iDuration>
					<m_bUseDVSDILed>0</m_bUseDVSDILed>
					<m_vCommandArguments>
						<count>0</count>
						<item_version>0</item_version>
					</m_vCommandArguments>
					<m_iDVSDILedDuration>0</m_iDVSDILedDuration>
					<m_eDVSDILedType>-1</m_eDVSDILedType>
					<m_dDVSDILedPctLevelBegin>0.00000000000000000e+00</m_dDVSDILedPctLevelBegin>
					<m_dDVSDILedPctLevelEnd>0.00000000000000000e+00</m_dDVSDILedPctLevelEnd>
				</item>
				<item>
					<m_iId>3</m_iId>
					<m_strName>Light 2 on</m_strName>
					<m_bIsDefaultCommand>0</m_bIsDefaultCommand>
					<m_iPin>2</m_iPin>
					<m_bHigh>1</m_bHigh>
					<m_iDuration>0</m_iDuration>
					<m_bUseDVSDILed>0</m_bUseDVSDILed>
					<m_vCommandArguments>
						<count>0</count>
						<item_version>0</item_version>
					</m_vCommandArguments>
					<m_iDVSDILedDuration>0</m_iDVSDILedDuration>
					<m_eDVSDILedType>-1</m_eDVSDILedType>
					<m_dDVSDILedPctLevelBegin>0.00000000000000000e+00</m_dDVSDILedPctLevelBegin>
					<m_dDVSDILedPctLevelEnd>0.00000000000000000e+00</m_dDVSDILedPctLevelEnd>
				</item>
				<item>
					<m_iId>2</m_iId>
					<m_strName>Light 2 off</m_strName>
					<m_bIsDefaultCommand>1</m_bIsDefaultCommand>
					<m_iPin>2</m_iPin>
					<m_bHigh>0</m_bHigh>
					<m_iDuration>0</m_iDuration>
					<m_bUseDVSDILed>0</m_bUseDVSDILed>
					<m_vCommandArguments>
						<count>0</count>
						<item_version>0</item_version>
					</m_vCommandArguments>
					<m_iDVSDILedDuration>0</m_iDVSDILedDuration>
					<m_eDVSDILedType>-1</m_eDVSDILedType>
					<m_dDVSDILedPctLevelBegin>0.00000000000000000e+00</m_dDVSDILedPctLevelBegin>
					<m_dDVSDILedPctLevelEnd>0.00000000000000000e+00</m_dDVSDILedPctLevelEnd>
				</item>
			</m_vecCommand>
			<m_vecSignal>
				<count>6</count>
				<item_version>1</item_version>
				<item>
					<m_iId>0</m_iId>
					<m_strName>Button 1 presses</m_strName>
					<m_eSignalSource>0</m_eSignalSource>
					<m_eSignalHwType>0</m_eSignalHwType>
					<m_iPin>1</m_iPin>
					<m_iNrBytes>0</m_iNrBytes>
					<m_iIndexFirstByte>-1</m_iIndexFirstByte>
					<m_iIndexLastByte>-1</m_iIndexLastByte>
					<m_eStateEventType>3</m_eStateEventType>
					<m_bHighInit>1</m_bHighInit>
					<m_bTotalsSinceLastCall>1</m_bTotalsSinceLastCall>
					<m_eValueType>1</m_eValueType>
					<m_eSignalCumType>1</m_eSignalCumType>
					<m_iUnitId>-1</m_iUnitId>
					<m_bHasValueDefault>1</m_bHasValueDefault>
					<m_eTypeValueDefault>1</m_eTypeValueDefault>
					<m_bValueDefault>0</m_bValueDefault>
					<m_lValueDefault>0</m_lValueDefault>
					<m_dbValueDefault>0.00000000000000000e+00</m_dbValueDefault>
				</item>
				<item>
					<m_iId>2</m_iId>
					<m_strName>Is button 1 pressed</m_strName>
					<m_eSignalSource>0</m_eSignalSource>
					<m_eSignalHwType>0</m_eSignalHwType>
					<m_iPin>1</m_iPin>
					<m_iNrBytes>0</m_iNrBytes>
					<m_iIndexFirstByte>-1</m_iIndexFirstByte>
					<m_iIndexLastByte>-1</m_iIndexLastByte>
					<m_eStateEventType>0</m_eStateEventType>
					<m_bHighInit>1</m_bHighInit>
					<m_bTotalsSinceLastCall>0</m_bTotalsSinceLastCall>
					<m_eValueType>0</m_eValueType>
					<m_eSignalCumType>0</m_eSignalCumType>
					<m_iUnitId>-1</m_iUnitId>
					<m_bHasValueDefault>1</m_bHasValueDefault>
					<m_eTypeValueDefault>0</m_eTypeValueDefault>
					<m_bValueDefault>0</m_bValueDefault>
					<m_lValueDefault>0</m_lValueDefault>
					<m_dbValueDefault>0.00000000000000000e+00</m_dbValueDefault>
				</item>
				<item>
					<m_iId>4</m_iId>
					<m_strName>Button 2 presses</m_strName>
					<m_eSignalSource>0</m_eSignalSource>
					<m_eSignalHwType>0</m_eSignalHwType>
					<m_iPin>2</m_iPin>
					<m_iNrBytes>0</m_iNrBytes>
					<m_iIndexFirstByte>-1</m_iIndexFirstByte>
					<m_iIndexLastByte>-1</m_iIndexLastByte>
					<m_eStateEventType>3</m_eStateEventType>
					<m_bHighInit>1</m_bHighInit>
					<m_bTotalsSinceLastCall>1</m_bTotalsSinceLastCall>
					<m_eValueType>1</m_eValueType>
					<m_eSignalCumType>1</m_eSignalCumType>
					<m_iUnitId>-1</m_iUnitId>
					<m_bHasValueDefault>1</m_bHasValueDefault>
					<m_eTypeValueDefault>1</m_eTypeValueDefault>
					<m_bValueDefault>0</m_bValueDefault>
					<m_lValueDefault>0</m_lValueDefault>
					<m_dbValueDefault>0.00000000000000000e+00</m_dbValueDefault>
				</item>
				<item>
					<m_iId>6</m_iId>
					<m_strName>Is button 2 pressed</m_strName>
					<m_eSignalSource>0</m_eSignalSource>
					<m_eSignalHwType>0</m_eSignalHwType>
					<m_iPin>2</m_iPin>
					<m_iNrBytes>0</m_iNrBytes>
					<m_iIndexFirstByte>-1</m_iIndexFirstByte>
					<m_iIndexLastByte>-1</m_iIndexLastByte>
					<m_eStateEventType>0</m_eStateEventType>
					<m_bHighInit>1</m_bHighInit>
					<m_bTotalsSinceLastCall>0</m_bTotalsSinceLastCall>
					<m_eValueType>0</m_eValueType>
					<m_eSignalCumType>0</m_eSignalCumType>
					<m_iUnitId>-1</m_iUnitId>
					<m_bHasValueDefault>1</m_bHasValueDefault>
					<m_eTypeValueDefault>0</m_eTypeValueDefault>
					<m_bValueDefault>0</m_bValueDefault>
					<m_lValueDefault>0</m_lValueDefault>
					<m_dbValueDefault>0.00000000000000000e+00</m_dbValueDefault>
				</item>
				<item>
					<m_iId>8</m_iId>
					<m_strName>Is light 1 on</m_strName>
					<m_eSignalSource>1</m_eSignalSource>
					<m_eSignalHwType>0</m_eSignalHwType>
					<m_iPin>1</m_iPin>
					<m_iNrBytes>0</m_iNrBytes>
					<m_iIndexFirstByte>-1</m_iIndexFirstByte>
					<m_iIndexLastByte>-1</m_iIndexLastByte>
					<m_eStateEventType>1</m_eStateEventType>
					<m_bHighInit>1</m_bHighInit>
					<m_bTotalsSinceLastCall>0</m_bTotalsSinceLastCall>
					<m_eValueType>0</m_eValueType>
					<m_eSignalCumType>0</m_eSignalCumType>
					<m_iUnitId>-1</m_iUnitId>
					<m_bHasValueDefault>1</m_bHasValueDefault>
					<m_eTypeValueDefault>0</m_eTypeValueDefault>
					<m_bValueDefault>0</m_bValueDefault>
					<m_lValueDefault>0</m_lValueDefault>
					<m_dbValueDefault>0.00000000000000000e+00</m_dbValueDefault>
				</item>
				<item>
					<m_iId>9</m_iId>
					<m_strName>Is light 2 on</m_strName>
					<m_eSignalSource>1</m_eSignalSource>
					<m_eSignalHwType>0</m_eSignalHwType>
					<m_iPin>2</m_iPin>
					<m_iNrBytes>0</m_iNrBytes>
					<m_iIndexFirstByte>-1</m_iIndexFirstByte>
					<m_iIndexLastByte>-1</m_iIndexLastByte>
					<m_eStateEventType>1</m_eStateEventType>
					<m_bHighInit>1</m_bHighInit>
					<m_bTotalsSinceLastCall>0</m_bTotalsSinceLastCall>
					<m_eValueType>0</m_eValueType>
					<m_eSignalCumType>0</m_eSignalCumType>
					<m_iUnitId>-1</m_iUnitId>
					<m_bHasValueDefault>1</m_bHasValueDefault>
					<m_eTypeValueDefault>0</m_eTypeValueDefault>
					<m_bValueDefault>0</m_bValueDefault>
					<m_lValueDefault>0</m_lValueDefault>
					<m_dbValueDefault>0.00000000000000000e+00</m_dbValueDefault>
				</item>
			</m_vecSignal>
			<m_vecCalibValue>
				<count>0</count>
				<item_version>0</item_version>
			</m_vecCalibValue>
		</item>
		<item>
			<m_idDeviceType>10</m_idDeviceType>
			<m_strDeviceTypeName>Custom Hardware</m_strDeviceTypeName>
			<m_dMaxFrequency>0.00000000000000000e+00</m_dMaxFrequency>
			<m_ePortType>0</m_ePortType>
			<m_idConnectorType>-1</m_idConnectorType>
			<m_bUsableForDV>1</m_bUsableForDV>
			<m_bUsableForMiniIobox>1</m_bUsableForMiniIobox>
			<m_vecCommand>
				<count>4</count>
				<item_version>2</item_version>
				<item>
					<m_iId>1</m_iId>
					<m_strName>Output 1 High</m_strName>
					<m_bIsDefaultCommand>0</m_bIsDefaultCommand>
					<m_iPin>1</m_iPin>
					<m_bHigh>1</m_bHigh>
					<m_iDuration>0</m_iDuration>
					<m_bUseDVSDILed>0</m_bUseDVSDILed>
					<m_vCommandArguments>
						<count>0</count>
						<item_version>0</item_version>
					</m_vCommandArguments>
					<m_iDVSDILedDuration>0</m_iDVSDILedDuration>
					<m_eDVSDILedType>-1</m_eDVSDILedType>
					<m_dDVSDILedPctLevelBegin>0.00000000000000000e+00</m_dDVSDILedPctLevelBegin>
					<m_dDVSDILedPctLevelEnd>0.00000000000000000e+00</m_dDVSDILedPctLevelEnd>
				</item>
				<item>
					<m_iId>0</m_iId>
					<m_strName>Output 1 Low</m_strName>
					<m_bIsDefaultCommand>1</m_bIsDefaultCommand>
					<m_iPin>1</m_iPin>
					<m_bHigh>0</m_bHigh>
					<m_iDuration>0</m_iDuration>
					<m_bUseDVSDILed>0</m_bUseDVSDILed>
					<m_vCommandArguments>
						<count>0</count>
						<item_version>0</item_version>
					</m_vCommandArguments>
					<m_iDVSDILedDuration>0</m_iDVSDILedDuration>
					<m_eDVSDILedType>-1</m_eDVSDILedType>
					<m_dDVSDILedPctLevelBegin>0.00000000000000000e+00</m_dDVSDILedPctLevelBegin>
					<m_dDVSDILedPctLevelEnd>0.00000000000000000e+00</m_dDVSDILedPctLevelEnd>
				</item>
				<item>
					<m_iId>3</m_iId>
					<m_strName>Output 2 High</m_strName>
					<m_bIsDefaultCommand>0</m_bIsDefaultCommand>
					<m_iPin>2</m_iPin>
					<m_bHigh>1</m_bHigh>
					<m_iDuration>0</m_iDuration>
					<m_bUseDVSDILed>0</m_bUseDVSDILed>
					<m_vCommandArguments>
						<count>0</count>
						<item_version>0</item_version>
					</m_vCommandArguments>
					<m_iDVSDILedDuration>0</m_iDVSDILedDuration>
					<m_eDVSDILedType>-1</m_eDVSDILedType>
					<m_dDVSDILedPctLevelBegin>0.00000000000000000e+00</m_dDVSDILedPctLevelBegin>
					<m_dDVSDILedPctLevelEnd>0.00000000000000000e+00</m_dDVSDILedPctLevelEnd>
				</item>
				<item>
					<m_iId>2</m_iId>
					<m_strName>Output 2 Low</m_strName>
					<m_bIsDefaultCommand>1</m_bIsDefaultCommand>
					<m_iPin>2</m_iPin>
					<m_bHigh>0</m_bHigh>
					<m_iDuration>0</m_iDuration>
					<m_bUseDVSDILed>0</m_bUseDVSDILed>
					<m_vCommandArguments>
						<count>0</count>
						<item_version>0</item_version>
					</m_vCommandArguments>
					<m_iDVSDILedDuration>0</m_iDVSDILedDuration>
					<m_eDVSDILedType>-1</m_eDVSDILedType>
					<m_dDVSDILedPctLevelBegin>0.00000000000000000e+00</m_dDVSDILedPctLevelBegin>
					<m_dDVSDILedPctLevelEnd>0.00000000000000000e+00</m_dDVSDILedPctLevelEnd>
				</item>
			</m_vecCommand>
			<m_vecSignal>
				<count>10</count>
				<item_version>1</item_version>
				<item>
					<m_iId>1</m_iId>
					<m_strName>Input 1 L-&gt;H count</m_strName>
					<m_eSignalSource>0</m_eSignalSource>
					<m_eSignalHwType>0</m_eSignalHwType>
					<m_iPin>1</m_iPin>
					<m_iNrBytes>0</m_iNrBytes>
					<m_iIndexFirstByte>-1</m_iIndexFirstByte>
					<m_iIndexLastByte>-1</m_iIndexLastByte>
					<m_eStateEventType>2</m_eStateEventType>
					<m_bHighInit>1</m_bHighInit>
					<m_bTotalsSinceLastCall>1</m_bTotalsSinceLastCall>
					<m_eValueType>1</m_eValueType>
					<m_eSignalCumType>1</m_eSignalCumType>
					<m_iUnitId>-1</m_iUnitId>
					<m_bHasValueDefault>1</m_bHasValueDefault>
					<m_eTypeValueDefault>1</m_eTypeValueDefault>
					<m_bValueDefault>0</m_bValueDefault>
					<m_lValueDefault>0</m_lValueDefault>
					<m_dbValueDefault>0.00000000000000000e+00</m_dbValueDefault>
				</item>
				<item>
					<m_iId>0</m_iId>
					<m_strName>Input 1 H-&gt;L count</m_strName>
					<m_eSignalSource>0</m_eSignalSource>
					<m_eSignalHwType>0</m_eSignalHwType>
					<m_iPin>1</m_iPin>
					<m_iNrBytes>0</m_iNrBytes>
					<m_iIndexFirstByte>-1</m_iIndexFirstByte>
					<m_iIndexLastByte>-1</m_iIndexLastByte>
					<m_eStateEventType>3</m_eStateEventType>
					<m_bHighInit>1</m_bHighInit>
					<m_bTotalsSinceLastCall>1</m_bTotalsSinceLastCall>
					<m_eValueType>1</m_eValueType>
					<m_eSignalCumType>1</m_eSignalCumType>
					<m_iUnitId>-1</m_iUnitId>
					<m_bHasValueDefault>1</m_bHasValueDefault>
					<m_eTypeValueDefault>1</m_eTypeValueDefault>
					<m_bValueDefault>0</m_bValueDefault>
					<m_lValueDefault>0</m_lValueDefault>
					<m_dbValueDefault>0.00000000000000000e+00</m_dbValueDefault>
				</item>
				<item>
					<m_iId>3</m_iId>
					<m_strName>Is input 1 High</m_strName>
					<m_eSignalSource>0</m_eSignalSource>
					<m_eSignalHwType>0</m_eSignalHwType>
					<m_iPin>1</m_iPin>
					<m_iNrBytes>0</m_iNrBytes>
					<m_iIndexFirstByte>-1</m_iIndexFirstByte>
					<m_iIndexLastByte>-1</m_iIndexLastByte>
					<m_eStateEventType>1</m_eStateEventType>
					<m_bHighInit>1</m_bHighInit>
					<m_bTotalsSinceLastCall>0</m_bTotalsSinceLastCall>
					<m_eValueType>0</m_eValueType>
					<m_eSignalCumType>0</m_eSignalCumType>
					<m_iUnitId>-1</m_iUnitId>
					<m_bHasValueDefault>1</m_bHasValueDefault>
					<m_eTypeValueDefault>0</m_eTypeValueDefault>
					<m_bValueDefault>1</m_bValueDefault>
					<m_lValueDefault>0</m_lValueDefault>
					<m_dbValueDefault>0.00000000000000000e+00</m_dbValueDefault>
				</item>
				<item>
					<m_iId>2</m_iId>
					<m_strName>Is input 1 Low</m_strName>
					<m_eSignalSource>0</m_eSignalSource>
					<m_eSignalHwType>0</m_eSignalHwType>
					<m_iPin>1</m_iPin>
					<m_iNrBytes>0</m_iNrBytes>
					<m_iIndexFirstByte>-1</m_iIndexFirstByte>
					<m_iIndexLastByte>-1</m_iIndexLastByte>
					<m_eStateEventType>0</m_eStateEventType>
					<m_bHighInit>1</m_bHighInit>
					<m_bTotalsSinceLastCall>0</m_bTotalsSinceLastCall>
					<m_eValueType>0</m_eValueType>
					<m_eSignalCumType>0</m_eSignalCumType>
					<m_iUnitId>-1</m_iUnitId>
					<m_bHasValueDefault>1</m_bHasValueDefault>
					<m_eTypeValueDefault>0</m_eTypeValueDefault>
					<m_bValueDefault>0</m_bValueDefault>
					<m_lValueDefault>0</m_lValueDefault>
					<m_dbValueDefault>0.00000000000000000e+00</m_dbValueDefault>
				</item>
				<item>
					<m_iId>5</m_iId>
					<m_strName>Input 2 L-&gt;H count</m_strName>
					<m_eSignalSource>0</m_eSignalSource>
					<m_eSignalHwType>0</m_eSignalHwType>
					<m_iPin>2</m_iPin>
					<m_iNrBytes>0</m_iNrBytes>
					<m_iIndexFirstByte>-1</m_iIndexFirstByte>
					<m_iIndexLastByte>-1</m_iIndexLastByte>
					<m_eStateEventType>2</m_eStateEventType>
					<m_bHighInit>1</m_bHighInit>
					<m_bTotalsSinceLastCall>1</m_bTotalsSinceLastCall>
					<m_eValueType>1</m_eValueType>
					<m_eSignalCumType>1</m_eSignalCumType>
					<m_iUnitId>-1</m_iUnitId>
					<m_bHasValueDefault>1</m_bHasValueDefault>
					<m_eTypeValueDefault>1</m_eTypeValueDefault>
					<m_bValueDefault>0</m_bValueDefault>
					<m_lValueDefault>0</m_lValueDefault>
					<m_dbValueDefault>0.00000000000000000e+00</m_dbValueDefault>
				</item>
				<item>
					<m_iId>4</m_iId>
					<m_strName>Input 2 H-&gt;L count</m_strName>
					<m_eSignalSource>0</m_eSignalSource>
					<m_eSignalHwType>0</m_eSignalHwType>
					<m_iPin>2</m_iPin>
					<m_iNrBytes>0</m_iNrBytes>
					<m_iIndexFirstByte>-1</m_iIndexFirstByte>
					<m_iIndexLastByte>-1</m_iIndexLastByte>
					<m_eStateEventType>3</m_eStateEventType>
					<m_bHighInit>1</m_bHighInit>
					<m_bTotalsSinceLastCall>1</m_bTotalsSinceLastCall>
					<m_eValueType>1</m_eValueType>
					<m_eSignalCumType>1</m_eSignalCumType>
					<m_iUnitId>-1</m_iUnitId>
					<m_bHasValueDefault>1</m_bHasValueDefault>
					<m_eTypeValueDefault>1</m_eTypeValueDefault>
					<m_bValueDefault>0</m_bValueDefault>
					<m_lValueDefault>0</m_lValueDefault>
					<m_dbValueDefault>0.00000000000000000e+00</m_dbValueDefault>
				</item>
				<item>
					<m_iId>7</m_iId>
					<m_strName>Is input 2 High</m_strName>
					<m_eSignalSource>0</m_eSignalSource>
					<m_eSignalHwType>0</m_eSignalHwType>
					<m_iPin>2</m_iPin>
					<m_iNrBytes>0</m_iNrBytes>
					<m_iIndexFirstByte>-1</m_iIndexFirstByte>
					<m_iIndexLastByte>-1</m_iIndexLastByte>
					<m_eStateEventType>1</m_eStateEventType>
					<m_bHighInit>1</m_bHighInit>
					<m_bTotalsSinceLastCall>0</m_bTotalsSinceLastCall>
					<m_eValueType>0</m_eValueType>
					<m_eSignalCumType>0</m_eSignalCumType>
					<m_iUnitId>-1</m_iUnitId>
					<m_bHasValueDefault>1</m_bHasValueDefault>
					<m_eTypeValueDefault>0</m_eTypeValueDefault>
					<m_bValueDefault>1</m_bValueDefault>
					<m_lValueDefault>0</m_lValueDefault>
					<m_dbValueDefault>0.00000000000000000e+00</m_dbValueDefault>
				</item>
				<item>
					<m_iId>6</m_iId>
					<m_strName>Is input 2 Low</m_strName>
					<m_eSignalSource>0</m_eSignalSource>
					<m_eSignalHwType>0</m_eSignalHwType>
					<m_iPin>2</m_iPin>
					<m_iNrBytes>0</m_iNrBytes>
					<m_iIndexFirstByte>-1</m_iIndexFirstByte>
					<m_iIndexLastByte>-1</m_iIndexLastByte>
					<m_eStateEventType>0</m_eStateEventType>
					<m_bHighInit>1</m_bHighInit>
					<m_bTotalsSinceLastCall>0</m_bTotalsSinceLastCall>
					<m_eValueType>0</m_eValueType>
					<m_eSignalCumType>0</m_eSignalCumType>
					<m_iUnitId>-1</m_iUnitId>
					<m_bHasValueDefault>1</m_bHasValueDefault>
					<m_eTypeValueDefault>0</m_eTypeValueDefault>
					<m_bValueDefault>0</m_bValueDefault>
					<m_lValueDefault>0</m_lValueDefault>
					<m_dbValueDefault>0.00000000000000000e+00</m_dbValueDefault>
				</item>
				<item>
					<m_iId>8</m_iId>
					<m_strName>Is output 1 High</m_strName>
					<m_eSignalSource>1</m_eSignalSource>
					<m_eSignalHwType>0</m_eSignalHwType>
					<m_iPin>1</m_iPin>
					<m_iNrBytes>0</m_iNrBytes>
					<m_iIndexFirstByte>-1</m_iIndexFirstByte>
					<m_iIndexLastByte>-1</m_iIndexLastByte>
					<m_eStateEventType>1</m_eStateEventType>
					<m_bHighInit>1</m_bHighInit>
					<m_bTotalsSinceLastCall>0</m_bTotalsSinceLastCall>
					<m_eValueType>0</m_eValueType>
					<m_eSignalCumType>0</m_eSignalCumType>
					<m_iUnitId>-1</m_iUnitId>
					<m_bHasValueDefault>1</m_bHasValueDefault>
					<m_eTypeValueDefault>0</m_eTypeValueDefault>
					<m_bValueDefault>0</m_bValueDefault>
					<m_lValueDefault>0</m_lValueDefault>
					<m_dbValueDefault>0.00000000000000000e+00</m_dbValueDefault>
				</item>
				<item>
					<m_iId>9</m_iId>
					<m_strName>Is output 2 High</m_strName>
					<m_eSignalSource>1</m_eSignalSource>
					<m_eSignalHwType>0</m_eSignalHwType>
					<m_iPin>2</m_iPin>
					<m_iNrBytes>0</m_iNrBytes>
					<m_iIndexFirstByte>-1</m_iIndexFirstByte>
					<m_iIndexLastByte>-1</m_iIndexLastByte>
					<m_eStateEventType>1</m_eStateEventType>
					<m_bHighInit>1</m_bHighInit>
					<m_bTotalsSinceLastCall>0</m_bTotalsSinceLastCall>
					<m_eValueType>0</m_eValueType>
					<m_eSignalCumType>0</m_eSignalCumType>
					<m_iUnitId>-1</m_iUnitId>
					<m_bHasValueDefault>1</m_bHasValueDefault>
					<m_eTypeValueDefault>0</m_eTypeValueDefault>
					<m_bValueDefault>0</m_bValueDefault>
					<m_lValueDefault>0</m_lValueDefault>
					<m_dbValueDefault>0.00000000000000000e+00</m_dbValueDefault>
				</item>
			</m_vecSignal>
			<m_vecCalibValue>
				<count>0</count>
				<item_version>0</item_version>
			</m_vecCalibValue>
		</item>
	</m_vecDeviceType>
</DeviceTypesNoldus>
</boost_serialization>
&lt;/boost_serialization&gt;

