<?xml version="1.0" encoding="UTF-8" standalone="yes" ?>
<!DOCTYPE boost_serialization>
<boost_serialization signature="serialization::archive" version="15">
<UnitsNoldus class_id="0" tracking_level="0" version="0">
	<m_vecUnit class_id="1" tracking_level="0" version="0">
		<count>13</count>
		<item_version>0</item_version>
		<item class_id="2" tracking_level="0" version="0">
			<m_iId>1</m_iId>
			<m_strName>mm</m_strName>
			<m_eSiUnit class_id="3" tracking_level="0" version="0">
				<elems>
					<count>9</count>
					<item>1</item>
					<item>0</item>
					<item>0</item>
					<item>0</item>
					<item>0</item>
					<item>0</item>
					<item>0</item>
					<item>0</item>
					<item>0</item>
				</elems>
			</m_eSiUnit>
			<m_dbOffset>0.00000000000000000e+00</m_dbOffset>
			<m_dbFactor>1.00000000000000000e+00</m_dbFactor>
		</item>
		<item>
			<m_iId>2</m_iId>
			<m_strName>cm</m_strName>
			<m_eSiUnit>
				<elems>
					<count>9</count>
					<item>1</item>
					<item>0</item>
					<item>0</item>
					<item>0</item>
					<item>0</item>
					<item>0</item>
					<item>0</item>
					<item>0</item>
					<item>0</item>
				</elems>
			</m_eSiUnit>
			<m_dbOffset>0.00000000000000000e+00</m_dbOffset>
			<m_dbFactor>1.00000000000000000e+01</m_dbFactor>
		</item>
		<item>
			<m_iId>3</m_iId>
			<m_strName>m</m_strName>
			<m_eSiUnit>
				<elems>
					<count>9</count>
					<item>1</item>
					<item>0</item>
					<item>0</item>
					<item>0</item>
					<item>0</item>
					<item>0</item>
					<item>0</item>
					<item>0</item>
					<item>0</item>
				</elems>
			</m_eSiUnit>
			<m_dbOffset>0.00000000000000000e+00</m_dbOffset>
			<m_dbFactor>1.00000000000000000e+03</m_dbFactor>
		</item>
		<item>
			<m_iId>4</m_iId>
			<m_strName>km</m_strName>
			<m_eSiUnit>
				<elems>
					<count>9</count>
					<item>1</item>
					<item>0</item>
					<item>0</item>
					<item>0</item>
					<item>0</item>
					<item>0</item>
					<item>0</item>
					<item>0</item>
					<item>0</item>
				</elems>
			</m_eSiUnit>
			<m_dbOffset>0.00000000000000000e+00</m_dbOffset>
			<m_dbFactor>1.00000000000000000e+06</m_dbFactor>
		</item>
		<item>
			<m_iId>6</m_iId>
			<m_strName>ms</m_strName>
			<m_eSiUnit>
				<elems>
					<count>9</count>
					<item>0</item>
					<item>0</item>
					<item>1</item>
					<item>0</item>
					<item>0</item>
					<item>0</item>
					<item>0</item>
					<item>0</item>
					<item>0</item>
				</elems>
			</m_eSiUnit>
			<m_dbOffset>0.00000000000000000e+00</m_dbOffset>
			<m_dbFactor>1.00000000000000000e+00</m_dbFactor>
		</item>
		<item>
			<m_iId>7</m_iId>
			<m_strName>s</m_strName>
			<m_eSiUnit>
				<elems>
					<count>9</count>
					<item>0</item>
					<item>0</item>
					<item>1</item>
					<item>0</item>
					<item>0</item>
					<item>0</item>
					<item>0</item>
					<item>0</item>
					<item>0</item>
				</elems>
			</m_eSiUnit>
			<m_dbOffset>0.00000000000000000e+00</m_dbOffset>
			<m_dbFactor>1.00000000000000000e+03</m_dbFactor>
		</item>
		<item>
			<m_iId>8</m_iId>
			<m_strName>min</m_strName>
			<m_eSiUnit>
				<elems>
					<count>9</count>
					<item>0</item>
					<item>0</item>
					<item>1</item>
					<item>0</item>
					<item>0</item>
					<item>0</item>
					<item>0</item>
					<item>0</item>
					<item>0</item>
				</elems>
			</m_eSiUnit>
			<m_dbOffset>0.00000000000000000e+00</m_dbOffset>
			<m_dbFactor>6.00000000000000000e+04</m_dbFactor>
		</item>
		<item>
			<m_iId>9</m_iId>
			<m_strName>hour</m_strName>
			<m_eSiUnit>
				<elems>
					<count>9</count>
					<item>0</item>
					<item>0</item>
					<item>1</item>
					<item>0</item>
					<item>0</item>
					<item>0</item>
					<item>0</item>
					<item>0</item>
					<item>0</item>
				</elems>
			</m_eSiUnit>
			<m_dbOffset>0.00000000000000000e+00</m_dbOffset>
			<m_dbFactor>3.60000000000000000e+06</m_dbFactor>
		</item>
		<item>
			<m_iId>10</m_iId>
			<m_strName>day</m_strName>
			<m_eSiUnit>
				<elems>
					<count>9</count>
					<item>0</item>
					<item>0</item>
					<item>1</item>
					<item>0</item>
					<item>0</item>
					<item>0</item>
					<item>0</item>
					<item>0</item>
					<item>0</item>
				</elems>
			</m_eSiUnit>
			<m_dbOffset>0.00000000000000000e+00</m_dbOffset>
			<m_dbFactor>8.64000000000000000e+07</m_dbFactor>
		</item>
		<item>
			<m_iId>11</m_iId>
			<m_strName>Steps</m_strName>
			<m_eSiUnit>
				<elems>
					<count>9</count>
					<item>0</item>
					<item>0</item>
					<item>0</item>
					<item>0</item>
					<item>0</item>
					<item>0</item>
					<item>0</item>
					<item>0</item>
					<item>0</item>
				</elems>
			</m_eSiUnit>
			<m_dbOffset>0.00000000000000000e+00</m_dbOffset>
			<m_dbFactor>1.00000000000000000e+00</m_dbFactor>
		</item>
		<item>
			<m_iId>12</m_iId>
			<m_strName>Steps</m_strName>
			<m_eSiUnit>
				<elems>
					<count>9</count>
					<item>0</item>
					<item>0</item>
					<item>0</item>
					<item>0</item>
					<item>0</item>
					<item>0</item>
					<item>0</item>
					<item>0</item>
					<item>0</item>
				</elems>
			</m_eSiUnit>
			<m_dbOffset>0.00000000000000000e+00</m_dbOffset>
			<m_dbFactor>1.60000000000000000e+01</m_dbFactor>
		</item>
		<item>
			<m_iId>13</m_iId>
			<m_strName>Promille</m_strName>
			<m_eSiUnit>
				<elems>
					<count>9</count>
					<item>0</item>
					<item>0</item>
					<item>0</item>
					<item>0</item>
					<item>0</item>
					<item>0</item>
					<item>0</item>
					<item>0</item>
					<item>0</item>
				</elems>
			</m_eSiUnit>
			<m_dbOffset>0.00000000000000000e+00</m_dbOffset>
			<m_dbFactor>6.55360000000000014e+01</m_dbFactor>
		</item>
		<item>
			<m_iId>14</m_iId>
			<m_strName>%</m_strName>
			<m_eSiUnit>
				<elems>
					<count>9</count>
					<item>0</item>
					<item>0</item>
					<item>0</item>
					<item>0</item>
					<item>0</item>
					<item>0</item>
					<item>0</item>
					<item>0</item>
					<item>0</item>
				</elems>
			</m_eSiUnit>
			<m_dbOffset>0.00000000000000000e+00</m_dbOffset>
			<m_dbFactor>6.55360000000000014e+02</m_dbFactor>
		</item>
	</m_vecUnit>
</UnitsNoldus>
</boost_serialization>
&lt;/boost_serialization&gt;

